geoname_id	name	ascii_name	population	latitude	longitude	feature_code
13308620	Bao'an	Bao'an	4476554	22.5521300	113.8828800	PPLA3
13512505	Lüliang	Lueliang	3346500	37.5192000	111.1443600	PPLA2
1797873	Huai'an	Huai'an	2494013	33.5886100	119.0191700	PPL
10859300	Lianyungang	Lianyungang	2001009	34.5984500	119.2155600	PPLA2
11838258	Bayan Nur	Bayan Nur	1760000	40.7414300	107.3859900	PPL
1793724	Tai’an	Tai'an	1735425	36.1852800	117.1200000	PPLA2
7283386	Changshu	Changshu	1677050	31.6461500	120.7422100	PPLA3
1807681	Huainan	Huainan	1666826	32.6263900	116.9969400	PPL
12358576	Wanzhou	Wanzhou	1545900	30.7645100	108.3958600	PPLA3
1806602	Cixi	Cixi	1457510	30.1764000	121.2457000	PPLA3
10942359	Baoji	Baoji	1437802	34.3677500	107.2370500	PPLA2
1793771	Suqian	Suqian	1437685	33.9491700	118.2958300	PPLA2
1788534	Xinyang	Xinyang	1230042	32.1227800	114.0655600	PPL
10942283	Jinzhong	Jinzhong	1226617	37.6840300	112.7547100	PPLA2
1808956	Changzhi	Changzhi	1214940	36.1838900	113.1052800	PPLA2
13405906	Luohu District	Luohu District	1143801	22.5472100	114.1314900	PPLX
1786746	Yichun	Yichun	1045952	27.8333300	114.4000000	PPLA2
1806535	Huzhou	Huzhou	1015937	30.8703000	120.0933000	PPLA2
1808857	Hanzhong	Hanzhong	1006557	33.0750700	107.0221400	PPLA2
7602670	Zhu Cheng City	Zhu Cheng City	1000000	35.9950200	119.4025900	PPLA3
2036662	Huludao	Huludao	944495	40.7524300	120.8355200	PPLA2
1886762	Zhoushan	Zhoushan	882932	29.9886900	122.2048800	PPLA3
1799194	Guang’an	Guang'an	858159	30.4741300	106.6369600	PPLA2
1785412	Zhabei	Zhabei	840000	31.2586100	121.4597200	PPLX
1788508	Xinyu	Xinyu	839488	27.8042900	114.9333500	PPLA2
1793703	Taicang	Taicang	831113	31.4477800	121.0938900	PPLA3
1788081	Xuancheng	Xuancheng	774332	30.9525000	118.7552800	PPLA2
1801620	Ma’anshan	Ma'anshan	741531	31.6857900	118.5100800	PPLA2
12324556	Shizuishan	Shizuishan	739400	38.9808200	106.3892000	PPLA2
1787351	Yangquan	Yangquan	731228	37.8575000	113.5633300	PPLA2
1783873	Zhumadian	Zhumadian	721670	32.9794400	114.0294400	PPLA2
1815463	Changzhi	Changzhi	699514	35.2088900	111.7386100	PPL
1785738	Yuncheng	Yuncheng	680036	35.0230600	110.9927800	PPLA2
2035513	Panshan	Panshan	625040	41.1880600	122.0494400	PPL
1806096	Jiaozhou	Jiaozhou	619266	36.2838900	120.0033300	PPLA3
13512502	Mengzi	Mengzi	595100	23.3677900	103.3821200	PPLA2
2033370	Yingkou	Yingkou	591159	40.6647200	122.2317600	PPLA2
1809412	Guli	Guli	536000	28.8816200	120.0330800	PPL
1796068	Shangluo	Shangluo	531696	33.8666700	109.9305600	PPLA2
1790396	Xianning	Xianning	512517	29.8434700	114.3220100	PPLA2
12492662	Mianzhu, Deyang, Sichuan	Mianzhu, Deyang, Sichuan	510000	31.3378600	104.2205700	PPLL
13527052	Chéngguān Qū	Chengguan Qu	478275	29.6384200	91.0444100	PPLA2
1805741	Jincheng	Jincheng	476945	35.5022200	112.8327800	PPLA2
1794794	Shouguang	Shouguang	473620	36.8800000	118.7375000	PPL
1805680	Jingdezhen	Jingdezhen	473561	29.2947000	117.2078900	PPLA2
1816858	Basuo	Basuo	444458	19.1026700	108.6656500	PPLA3
2038365	Bei’an	Bei'an	436444	48.2666700	126.6000000	PPL
1809152	Guyuan	Guyuan	411854	36.0066700	106.2808300	PPLA2
1810458	Gaomi	Gaomi	391986	36.3833300	119.7527800	PPLA3
7304020	Fenghuang	Fenghuang	370000	27.9355700	109.5996100	PPL
8537264	Huanggang	Huanggang	366769	30.4514300	114.8703500	PPLA2
1817990	Anqiu	Anqiu	364208	36.4341700	119.1925000	PPL
8067345	Lhoka	Lhoka	353700	29.2430100	91.7723900	PPLA2
1798900	Pengze	Pengze	350000	29.8988500	116.5457200	PPLA3
8054802	Xilinhot	Xilinhot	349953	43.9388900	116.0702100	PPLA2
1813206	Daye	Daye	347406	30.0833300	114.9500000	PPL
12277239	Yunlong	Yunlong	345393	34.2528100	117.2516700	PPLA3
1785716	Pizhou	Pizhou	343421	34.3113900	117.9502800	PPLA3
1794479	Laixi	Laixi	341470	36.8591700	120.5269400	PPLA3
2034439	Tieling	Tieling	333907	42.2930600	123.8413900	PPL
12358476	Hechi	Hechi	330131	24.6928500	108.0837600	PPLA2
1803590	Lincang	Lincang	323708	23.8797200	100.0945500	PPLA2
1787323	Yangshuo	Yangshuo	300000	24.7808100	110.4896700	PPLS
1803364	Linqu	Linqu	299646	36.5155600	118.5397200	PPL
1281743	Artux	Artux	285000	39.7084200	76.1797100	PPLA2
1804866	Kaili	Kaili	275745	26.5858300	107.9797200	PPLA2
12492660	Longling County	Longling County	270000	24.5866300	98.6893400	PPLA3
2036670	Hulan Ergi	Hulan Ergi	265344	47.2041700	123.6333300	PPL
1812228	Dongtai	Dongtai	262873	32.8523100	120.3094700	PPLA3
2034400	Tongliao	Tongliao	261110	43.6125000	122.2652800	PPLA2
1799471	Nianbo	Nianbo	260184	36.4800000	102.4163900	PPL
1815669	Changle	Changle	259161	36.7058300	118.8275000	PPL
2036458	Jining	Jining	258757	41.0275000	113.1058300	PPL
10942183	Rugao	Rugao	257400	32.3703500	120.5764900	PPLA3
1793899	Suicheng	Suicheng	256665	33.8963000	117.9330700	PPLA3
1800234	Nada	Nada	256652	19.5213400	109.5789500	PPLA3
1787031	Yanzhou	Yanzhou	254788	35.5527800	116.8286100	PPL
1792260	Wafangdian	Wafangdian	250591	39.6183300	122.0080600	PPL
1806988	Huayin	Huayin	242488	34.5652800	110.0663900	PPL
1805012	Jiyuan	Jiyuan	242143	35.0891200	112.5881500	PPLA2
1790371	Xiantao	Xiantao	239406	30.3708000	113.4429400	PPL
1786731	Qingzhou	Qingzhou	236406	36.6966700	118.4797200	PPL
1785974	Yuci	Yuci	235929	37.6802800	112.7319400	PPLX
1807508	Huanggang	Huanggang	225956	23.6770400	116.9996100	PPLA3
1805618	Jingling	Jingling	224871	30.6500000	113.1000000	PPL
1788618	Xintai	Xintai	222459	35.9005600	117.7519400	PPL
1790894	Wuxue	Wuxue	220661	29.8505800	115.5525000	PPLA3
1791249	Wuhai	Wuhai	218427	39.6844200	106.8158300	PPLA2
12358616	Yintai	Yintai	217509	35.1152400	109.0970200	PPLA3
1805298	Jinzhou	Jinzhou	215386	39.1000000	121.7166700	PPL
1801909	Luojiang	Luojiang	212186	31.3049700	104.5048400	PPLA3
2037078	Hailar	Hailar	211066	49.2000000	119.7000000	PPLA3
1814082	Daliang	Daliang	210411	22.8406700	113.2503000	PPLA4
1808931	Hangu	Hangu	208369	39.2488900	117.7891700	PPL
13512708	Nyingchi	Nyingchi	200000	29.6488500	94.3550900	PPLA2
1803551	Beiliu	Beiliu	199769	22.7072200	110.3491700	PPL
1811764	Duyun	Duyun	198516	26.2666700	107.5166700	PPL
1804850	Kaiyuan	Kaiyuan	198423	23.6976700	103.3037200	PPL
13512503	Lushui	Lushui	197000	25.8232000	98.8585300	PPLA2
1798972	Peicheng	Peicheng	195363	34.7361100	116.9247200	PPLA3
1811619	Ezhou	Ezhou	193652	30.4000000	114.8333300	PPL
1806696	Humen	Humen	191891	22.8189900	113.6730600	PPLA4
2037086	Haicheng	Haicheng	191651	40.8515800	122.7475400	PPLA3
1804578	Laizhou	Laizhou	188000	37.1807300	119.9421700	PPLA3
7910932	Shangri-La	Shangri-La	186400	27.8251100	99.7077900	PPLA2
1785462	Zaoyang	Zaoyang	184509	32.1272200	112.7541700	PPL
1784617	Zhenping Chengguanzhen	Zhenping Chengguanzhen	181528	33.0331400	112.2332100	PPLA3
12492669	Pingwu County	Pingwu County	180000	32.4073200	104.5273800	PPLL
1789137	Xindi	Xindi	175761	29.8166700	113.4666700	PPL
2036401	Jiutai	Jiutai	175115	44.1525000	125.8327800	PPL
2037620	Dongling	Dongling	171454	41.8144400	123.5758300	PPL
1804586	Laiyang	Laiyang	169594	36.9758300	120.7136100	PPL
2034312	Ulanhot	Ulanhot	165846	46.0833300	122.0833300	PPL
1794060	Songcheng	Songcheng	165730	26.8819400	120.0011100	PPLA4
1811200	Fengcheng	Fengcheng	161850	34.7038800	116.5871700	PPLA3
1784554	Zhicheng	Zhicheng	159383	30.2955600	111.5047200	PPLA4
1919014	Lianghu	Lianghu	155000	29.9915200	120.8984500	PPLA4
2038342	Beipiao	Beipiao	154999	41.7919400	120.7791700	PPL
1809879	Guangshui	Guangshui	154771	31.6199000	113.9978000	PPLA4
1816265	Boshan	Boshan	153596	36.4833300	117.8333300	PPL
1814786	Yangchun	Yangchun	153547	22.1666700	111.7833300	PPL
1798919	Pengpu	Pengpu	152725	31.2855000	121.4367000	PPL
2034638	Sujiatun	Sujiatun	148113	41.6591700	123.3391700	PPL
1281105	Yushu	Yushu	141308	33.0011800	97.0089300	PPLA2
2037222	Gongzhuling	Gongzhuling	140909	43.5007500	124.8197900	PPL
2036776	Huadian	Huadian	139047	42.9633300	126.7477800	PPL
2037335	Fuyu	Fuyu	138704	45.1833300	124.8166700	PPL
7303248	Jiashan	Jiashan	137112	30.8491800	120.9258300	PPLX
1794806	Huinong	Huinong	136570	39.2333300	106.7694400	PPL
2036597	Jiagedaqi	Jiagedaqi	135760	50.4166700	124.1166700	PPL
1805962	Jiawang	Jiawang	133861	34.4327800	117.4419400	PPLA3
1798473	Puqi	Puqi	132891	29.7166700	113.8833300	PPL
1791272	Wugang	Wugang	132457	26.7279000	110.6319800	PPLA3
1813344	Dawukou	Dawukou	131880	39.0419400	106.3958300	PPL
1794035	Songjiang	Songjiang	130218	31.0344300	121.2232600	PPLA3
1791325	Wuda	Wuda	129922	39.4994400	106.7116700	PPL
1804208	Leiyang	Leiyang	129116	26.4023800	112.8590800	PPLA3
1280037	Shache	Shache	128145	38.4166700	77.2405600	PPL
1885823	Jiangyou	Jiangyou	127225	31.7666700	104.7166700	PPL
1805543	Jingzhi	Jingzhi	126703	36.3100000	119.3875000	PPL
1789703	Xiazhen	Xiazhen	125667	34.8022200	117.1116700	PPL
1809062	Haimen	Haimen	125427	23.1934600	116.6121900	PPLA4
1796421	Shahecheng	Shahecheng	125132	36.9383300	114.5058300	PPL
1804252	Lecheng	Lecheng	124268	25.1280000	113.3504100	PPLA3
2036403	Jiupu	Jiupu	123843	41.0666700	122.9500000	PPL
1801799	Luoyang	Luoyang	123144	23.1624400	114.2734200	PPLA3
1807112	Huangzhou	Huangzhou	122563	30.4500000	114.8000000	PPL
1788268	Xiulin	Xiulin	122411	29.7166700	112.4000000	PPL
1784178	Zhoucun	Zhoucun	122402	36.8166700	117.8166700	PPL
2033824	Xilin Hot	Xilin Hot	120965	43.9666700	116.0333300	PPL
1803782	Lichuan	Lichuan	120587	30.3000000	108.8500000	PPL
2037411	Fengcheng	Fengcheng	120514	40.4536100	124.0716700	PPL
13308659	Bao'an Centre	Bao'an Centre	120170	22.5795300	113.9163000	PPL
2035966	Longjing	Longjing	117185	42.7713100	129.4230700	PPLA3
1809408	Gulin	Gulin	116527	28.0422300	105.8103800	PPLA3
1815276	Chenggu	Chenggu	116375	33.1491700	107.3258300	PPLA3
2033536	Yakeshi	Yakeshi	116284	49.2833300	120.7333300	PPLA3
1818020	Anliu	Anliu	115560	23.6982400	115.6795300	PPLA4
1800498	Mingshui	Mingshui	114858	36.7166700	117.5000000	PPL
1791706	Wayaobu	Wayaobu	113698	37.1361100	109.6597200	PPLA3
2035399	Songyuan	Songyuan	113611	45.1290200	124.8276900	PPLA2
1801615	Maba	Maba	113609	24.6841300	113.5983900	PPLA3
2036337	Kaiyuan	Kaiyuan	112462	42.5330600	124.0402800	PPL
1813425	Datun	Datun	110258	34.8092300	116.9017400	PPL
1803352	Linshui	Linshui	109955	36.4247200	114.2047200	PPL
1795184	Shilong	Shilong	109733	23.1144400	113.8472200	PPLA4
1806439	Jianchang	Jianchang	109108	27.5583100	116.6397800	PPLA3
1786546	Zhongxiang	Zhongxiang	108883	31.1661100	112.5830600	PPL
2037712	Dehui	Dehui	108818	44.5333300	125.7000000	PPL
1787828	Xuyong	Xuyong	108352	28.1699200	105.4345200	PPLA3
2036595	Jalai Nur	Jalai Nur	107828	49.4500000	117.7000000	PPLA4
1803886	Anning	Anning	106795	24.9227100	102.4849600	PPLA3
1816221	Buhe	Buhe	106347	30.2875700	112.2297900	PPLA4
1784820	Xinghua	Xinghua	105918	32.9391700	119.8341700	PPL
12324302	Yidu	Yidu	105070	36.7712100	118.4245400	PPLA4
1800829	Wuchuan	Wuchuan	104168	21.4571300	110.7659100	PPL
2035196	Salaqi	Salaqi	104090	40.5413900	110.5108300	PPLA3
2036418	Jishu	Jishu	103988	44.3166700	126.8000000	PPL
1816865	Bashan	Bashan	103748	27.7682300	116.0501700	PPLA3
1997228	Hedong	Hedong	101825	23.9196000	115.7801000	PPLA4
1807738	Huacheng	Huacheng	101165	24.0670300	115.6130900	PPLA4
1788492	Xinzhai	Xinzhai	100168	36.4000000	118.6166700	PPL
1802171	Kangding	Kangding	100000	30.0022200	101.9569000	PPLA2
1797959	Qincheng	Qincheng	99987	27.2127000	116.5300800	PPLA3
12358512	Menghuan	Menghuan	99970	24.4353200	98.5837500	PPLA3
1812256	Dongsheng	Dongsheng	99809	39.8160900	109.9776300	PPL
1803522	Linghe	Linghe	99069	36.3641700	119.0769400	PPL
2033766	Xingcheng	Xingcheng	98968	40.6166700	120.7166700	PPL
1786783	Yeyuan	Yeyuan	97936	36.4166700	118.5000000	PPL
1809849	Guanhu	Guanhu	97705	34.4252800	117.9952800	PPL
1807761	Houzhen	Houzhen	96737	36.9913600	118.9658200	PPL
1810136	Gongguan	Gongguan	96492	21.8000000	109.6000000	PPL
1802177	Lubu	Lubu	95820	23.1723300	112.2829800	PPLA4
1805408	Jinsha	Jinsha	95647	32.0898200	121.0735500	PPLA3
1795632	Shenjiamen	Shenjiamen	95433	29.9576300	122.2980200	PPLA4
1789998	Xiaoshan	Xiaoshan	95234	30.1674600	120.2588300	PPLA3
1811844	Dunhou	Dunhou	94445	27.0500000	114.9000000	PPLA3
1816821	Bayan Hot	Bayan Hot	94445	38.8386100	105.6686100	PPLA3
1786455	Yishui	Yishui	94115	35.7847200	118.6280600	PPL
1813755	Daotian	Daotian	93728	36.8338900	118.8977800	PPL
1529626	Baijiantan	Baijiantan	93697	45.6929800	85.1394200	PPL
2037930	Dalai	Dalai	93297	45.5000000	124.3000000	PPL
1793315	Tangwu	Tangwu	93260	36.4466700	118.8597200	PPL
1805947	Jiayue	Jiayue	93228	36.0236100	119.1761100	PPL
12324243	Yingqiu	Yingqiu	92564	36.5266300	118.9928500	PPL
1812621	Dongcun	Dongcun	92282	36.7766700	121.1597200	PPL
1813828	Danjiangkou	Danjiangkou	92008	32.5427800	111.5086100	PPL
1806960	Huazhou	Huazhou	91701	21.6333300	110.5833300	PPL
1788944	Xingren	Xingren	91579	25.4333300	105.2333300	PPLA3
12324474	Tanfang	Tanfang	91460	36.6997700	118.6708700	PPLA4
2036075	Lingyuan	Lingyuan	91418	41.2400000	119.4011100	PPL
1808879	Hanting	Hanting	90637	36.7708300	119.2108300	PPL
1792592	Tongren	Tongren	90593	27.7172200	109.1852800	PPLA2
1789462	Xihe	Xihe	90422	31.6863500	113.4658500	PPLA4
1794140	Sishui	Sishui	90175	35.6488900	117.2758300	PPL
1810668	Gantang	Gantang	90000	27.4375000	111.9730600	PPL
1807695	Huaidian	Huaidian	89978	33.4333300	115.0333300	PPL
1817456	Baisha	Baisha	89759	21.7166700	109.6833300	PPL
1804162	Lengshuitan	Lengshuitan	88935	26.4111000	111.5955900	PPL
1789691	Xiazhuang	Xiazhuang	88710	36.4491700	119.8355600	PPL
1812138	Dongxing	Dongxing	88607	21.5500000	107.9666700	PPL
1803402	Linjiacun	Linjiacun	88509	35.9938900	119.6502800	PPL
1808133	Honghe	Honghe	88458	36.4027800	118.9180600	PPL
1808977	Hanchuan	Hanchuan	87737	30.6500000	113.7666700	PPL
1792795	Tiefu	Tiefu	87689	34.5333300	118.0333300	PPL
1787925	Xujiang	Xujiang	87459	26.8394500	116.3201100	PPLA3
2035746	Mishan	Mishan	87257	45.5500000	131.8833300	PPL
1794825	Shizilu	Shizilu	86749	35.1711100	118.8288900	PPL
1818019	Anlong	Anlong	86416	25.1000000	105.5166700	PPLA3
1800088	Nanfeng	Nanfeng	86129	23.7269500	111.7972300	PPLA4
11778484	Longnan	Longnan	85826	33.3979100	104.9170300	PPLA2
2036933	Helong	Helong	85756	42.5397400	128.9972200	PPLA4
1800107	Nanding	Nanding	85495	36.7483300	118.0558300	PPL
1280757	Laojunmiao	Laojunmiao	84769	39.8333300	97.7333300	PPLA4
1893595	Dacheng	Dacheng	84620	19.5092700	109.3927500	PPLA4
1800629	Mianyang	Mianyang	84606	33.1570300	106.6944500	PPLA3
1813088	Dazhong	Dazhong	84323	33.1997300	120.4578000	PPLA3
1805334	Jinxiang	Jinxiang	84231	27.4326500	120.6062500	PPL
12324303	Dongxia	Dongxia	84083	36.7491800	118.5826800	PPLA4
1786515	Yinma	Yinma	83872	36.6608300	119.4625000	PPL
1799574	Nanzhang Chengguanzhen	Nanzhang Chengguanzhen	83604	31.7839400	111.8275200	PPLA3
1808747	Hecun	Hecun	83009	36.5333300	114.1111100	PPL
1799348	Ningyang	Ningyang	82994	35.7641700	116.7913900	PPL
1786060	Yuanping	Yuanping	82883	38.7152800	112.7575000	PPL
1817884	Aoxi	Aoxi	82717	27.4258900	115.8364300	PPLA3
1813033	Liping	Liping	82710	26.2311100	109.1313900	PPL
1815585	Changqing	Changqing	82598	36.5575000	116.7272200	PPL
12277235	Dali Old Town	Dali Old Town	82566	25.6886300	100.1589400	PPL
1789118	Xindian	Xindian	82555	36.7975000	118.2944400	PPL
1786676	Yima	Yima	82509	34.7380600	111.8838900	PPL
1798182	Qiaoguan	Qiaoguan	82467	36.5644400	118.8838900	PPL
1549817	Anguo	Anguo	82181	34.8305600	116.8194400	PPL
1808103	Donghe	Donghe	81953	32.2334100	106.3012600	PPLA3
1785964	Yudong	Yudong	81408	29.3850000	106.5194400	PPL
1788269	Xiugu	Xiugu	81153	27.9113200	116.7763700	PPLA3
1811440	Feicheng	Feicheng	80929	35.2605600	117.9675000	PPL
1795941	Shanting	Shanting	80843	35.0752800	117.4577800	PPL
1804935	Junlian	Junlian	80708	28.1710600	104.5116200	PPLA3
1549667	Nianzhuang	Nianzhuang	80617	34.2972200	117.7722200	PPL
1784055	Zhuanghe	Zhuanghe	80384	39.7008300	122.9911100	PPL
1816890	Baoying	Baoying	80292	33.2291700	119.3091700	PPL
2037823	Dashiqiao	Dashiqiao	80223	40.6373200	122.5025100	PPLA3
1789649	Xichang	Xichang	80064	21.6333300	108.9500000	PPL
12324301	Huanglou	Huanglou	80055	36.6470900	118.6055400	PPLA4
1811794	Dushan	Dushan	80045	25.8333300	107.5333300	PPL
1549774	Songlou	Songlou	79763	34.5723100	116.6023900	PPL
1793533	Taixing	Taixing	79655	32.1666700	120.0136100	PPLA3
1790885	Wuyang	Wuyang	79070	31.9925000	116.2472200	PPL
1815847	Chaigou	Chaigou	79043	36.2488900	119.6241700	PPL
1788452	Xinzhou	Xinzhou	78767	30.8666700	114.8000000	PPL
1794971	Shitanjing	Shitanjing	78765	39.2341700	106.3438900	PPL
1808517	Hengbei	Hengbei	78575	23.8796800	115.7254600	PPL
12324246	Yishan	Yishan	78408	36.2210700	118.6966300	PPLA4
1798634	Pingyi	Pingyi	78254	35.5005600	117.6308300	PPL
1803374	Linping	Linping	78180	30.4225000	120.2972200	PPLA3
1805175	Xixiang	Xixiang	78022	22.5930600	113.8889000	PPLA4
1807090	Huankou	Huankou	77758	34.8700000	116.6697200	PPL
1807339	Huangmei	Huangmei	77633	30.1923500	116.0249600	PPLA3
1789176	Feicheng	Feicheng	77606	36.2486100	116.7658300	PPL
1805267	Jishui	Jishui	77540	33.7333300	115.4000000	PPL
12324287	Baicheng	Baicheng	77235	36.3274300	119.7787500	PPLA4
1813927	Damiao	Damiao	77179	34.2641100	117.3637900	PPL
1805833	Jiexiu	Jiexiu	77178	37.0244400	111.9125000	PPL
2036653	Hunchun	Hunchun	77028	42.8675000	130.3580600	PPLA3
1914927	Sandu	Sandu	76757	19.7894000	109.2150000	PPLA4
1784939	Zhaodun	Zhaodun	76691	34.3027000	117.8569900	PPL
1783554	Yaxing	Yaxing	76427	19.4477800	109.2627300	PPLA4
1797471	Qiuji	Qiuji	76343	33.8000000	118.0000000	PPL
1794782	Shouxian	Shouxian	76030	34.8464800	116.4588400	PPL
1803266	Lintong	Lintong	75882	34.3780300	109.2089200	PPLA3
12324299	Kanjia	Kanjia	75669	36.3722700	119.5820800	PPLA4
2038118	Chaoyang	Chaoyang	75347	42.6622300	126.0263000	PPLA3
1806840	Huilong	Huilong	74818	31.8111100	121.6550000	PPLA3
1816751	Beidao	Beidao	74767	34.5686100	105.8933300	PPLA3
1795919	Shancheng	Shancheng	74459	34.7952800	116.0816700	PPL
1785022	Zhangzhai	Zhangzhai	74433	34.6166700	116.9500000	PPL
2033675	Xinmin	Xinmin	74139	41.9908300	122.8252800	PPL
1549743	Zhangzhuang	Zhangzhuang	74114	34.5194400	117.0055600	PPL
1809610	Gucheng Chengguanzhen	Gucheng Chengguanzhen	74038	32.2660400	111.6347600	PPLA3
1785655	Yunyang	Yunyang	73922	33.4474300	112.7142200	PPL
1804442	Lanxi	Lanxi	73706	29.2158800	119.4715600	PPL
2037252	Genhe	Genhe	73631	50.7833300	121.5166700	PPLA3
12324304	Heguan	Heguan	73470	36.8899800	118.5737900	PPLA4
7290013	Shixing	Shixing	72996	24.9482400	114.0657200	PPL
1812597	Dongdu	Dongdu	72957	35.8500000	117.7000000	PPL
1812427	Dongkan	Dongkan	72789	33.9997200	119.8308300	PPL
1800430	Miyang	Miyang	72485	24.4041700	103.4427800	PPLA3
1806188	Jiangzhuang	Jiangzhuang	72453	36.4944400	119.7941700	PPL
2037391	Beichengqu	Beichengqu	72444	40.4394400	113.1536100	PPLA3
1788462	Xinzhi	Xinzhi	72303	36.4988900	111.7047200	PPL
1920772	Zhoucheng	Zhoucheng	72070	35.9122200	116.3116700	PPL
1816176	Caidian	Caidian	71891	30.5833300	114.0333300	PPLA3
2033602	Xiuyan	Xiuyan	71614	40.2927800	123.2744400	PPL
1807035	Huashan	Huashan	71281	34.6300000	116.7358300	PPL
1818016	Anlu	Anlu	71198	31.2575000	113.6783300	PPLA3
2036283	Kuandian	Kuandian	70867	40.7286100	124.7847200	PPL
13308625	Shenzhen City Centre	Shenzhen City Centre	70826	22.5358900	114.0771000	PPLA3
1798548	Poyang	Poyang	70787	28.9924200	116.6675400	PPLA3
1786357	Yongfeng	Yongfeng	70783	27.4549300	112.1694300	PPLA3
2037240	Gongchangling	Gongchangling	70761	41.1166700	123.4500000	PPL
2034918	Shiguai	Shiguai	70357	40.7058300	110.2855600	PPLA3
1810846	Fuyang	Fuyang	70183	30.0533300	119.9519400	PPLA3
1789799	Haining	Haining	70171	30.5362900	120.6863800	PPLA3
1795986	Shankou	Shankou	70153	21.6000000	109.7166700	PPL
1800764	Mengcheng Chengguanzhen	Mengcheng Chengguanzhen	69916	33.2661100	116.5660500	PPLA3
12358513	Fengping	Fengping	69586	24.3973500	98.5177000	PPLA4
1815188	Chengxian Chengguanzhen	Chengxian Chengguanzhen	69427	33.7477500	105.7329400	PPLA3
1805884	Jiehu	Jiehu	69245	35.5427800	118.4550000	PPL
2036069	Linjiang	Linjiang	69149	41.8069400	126.9077800	PPLA3
2033934	Xiaoshi	Xiaoshi	68994	41.2971100	124.1209200	PPLA3
2036959	Heishan	Heishan	68603	41.6891700	122.1127800	PPL
1798946	Pengcheng	Pengcheng	68442	36.4311100	114.1700000	PPL
1800519	Mingguang	Mingguang	68351	32.7801700	117.9637800	PPL
1800521	Minggang	Minggang	67945	32.4586100	114.0486100	PPL
1793286	Tangzhai	Tangzhai	67936	34.4327800	116.5911100	PPL
1787873	Xunyang	Xunyang	67929	32.8238900	109.3652800	PPLA3
2034691	Songjianghe	Songjianghe	67672	42.1859000	127.4789500	PPLA4
1801850	Luorong	Luorong	67593	24.4058300	109.6086100	PPL
1802136	Lüeyang Chengguanzhen	Lueeyang Chengguanzhen	67496	33.3320500	106.1549600	PPLA3
1810472	Gaoliu	Gaoliu	67339	36.8000000	118.5000000	PPL
1788461	Xinzhou	Xinzhou	67316	19.7144600	109.3114600	PPLA4
2035453	Pingzhuang	Pingzhuang	67273	42.0372200	119.2888900	PPLA3
1792936	Tianliu	Tianliu	67165	37.0000000	118.7833300	PPL
12279164	Wanggou	Wanggou	67140	34.6714700	116.4921300	PPLA4
13308594	Shajing Town	Shajing Town	67093	22.7384600	113.8075500	PPL
12324473	Shaozhuang	Shaozhuang	66728	36.7470100	118.3165500	PPLA4
1815184	Chengyang	Chengyang	66588	35.5794400	118.8327800	PPL
2035182	Sanchazi	Sanchazi	66576	42.0816700	126.6002800	PPL
12277246	Daxu	Daxu	66563	34.2823900	117.5526600	PPLA4
2036685	Huinan	Huinan	66315	42.6225000	126.2613900	PPL
1816620	Beimeng	Beimeng	66277	36.6044400	119.4955600	PPL
2036713	Huanren	Huanren	66147	41.2647200	125.3666700	PPL
1786969	Yaoji	Yaoji	65897	34.0666700	117.8166700	PPL
1800675	Mengyin	Mengyin	65889	35.7069400	117.9263900	PPL
1280951	Jietou	Jietou	65843	25.4274000	98.6532400	PPL
1816813	Bayiji	Bayiji	65830	34.2666700	117.6833300	PPL
1796186	Shangkou	Shangkou	65770	36.9655600	118.8830600	PPL
2037820	Dashitou	Dashitou	65683	43.3066700	128.5113900	PPL
1807467	Huanghua	Huanghua	65646	35.8891700	119.4577800	PPL
1817858	Babu	Babu	65603	24.4166700	111.5166700	PPL
2033423	Yebaishou	Yebaishou	65536	41.3975000	119.6408300	PPL
1807645	Huaiyuan Chengguanzhen	Huaiyuan Chengguanzhen	65530	32.9589300	117.1656600	PPLA3
1816406	Bianzhuang	Bianzhuang	65381	34.8486100	118.0447200	PPL
1793747	Suyangshan	Suyangshan	65333	34.3927800	117.7555600	PPL
2034226	Hepingjie	Hepingjie	65298	42.0597200	126.9158300	PPLA4
1802880	Liuxin	Liuxin	65258	34.3686100	117.1150000	PPL
1815971	Caoqiao	Caoqiao	65243	34.3405000	118.1103800	PPL
1804645	Kunyang	Kunyang	65009	27.6658300	120.5658300	PPL
1795241	Shikang	Shikang	64818	21.7666700	109.3166700	PPL
1811378	Fenggang	Fenggang	64715	27.5456600	116.2145600	PPLA3
1798973	Picheng	Picheng	64585	34.4666700	117.9666700	PPL
1804874	Kaihua	Kaihua	64404	23.3695000	104.2772100	PPLA3
1785698	Yunmeng Chengguanzhen	Yunmeng Chengguanzhen	64390	31.0625100	113.7654500	PPLA3
7328899	Dengbu	Dengbu	63814	28.2084000	116.8171700	PPLA3
1787646	Yangcun	Yangcun	63756	39.3638900	117.0602800	PPL
1802020	Lulou	Lulou	63704	34.7166700	116.7666700	PPL
1789693	Xiazhuang	Xiazhuang	63285	34.9161100	118.6388900	PPL
1815779	Changcheng	Changcheng	63208	36.0905600	119.4516700	PPL
1280703	Liuku	Liuku	63013	25.8505000	98.8556700	PPLA3
1549819	Shizhai	Shizhai	62956	34.8055600	116.6388900	PPL
12324298	Jinggou	Jinggou	62917	36.2817600	119.5518500	PPLA4
1549756	Fanlou	Fanlou	62859	34.4809100	116.8524800	PPL
1815678	Changle	Changle	62763	21.8333300	109.4166700	PPL
12358566	Miaojie	Miaojie	62540	25.3123200	100.2798300	PPLA4
1785980	Yucheng	Yucheng	62365	34.9288900	116.4652800	PPL
1798632	Pingyin	Pingyin	62050	36.2830600	116.4452800	PPL
1797715	Qingshuping	Qingshuping	62000	27.3808300	112.0205600	PPL
1785222	Zhangji	Zhangji	61929	34.1375000	117.3755600	PPL
1811184	Fengyi	Fengyi	61890	25.5839900	100.3118100	PPL
1800101	Nandu	Nandu	61881	22.8525000	110.8233300	PPL
1793139	Taoluo	Taoluo	61852	35.2738900	119.3702800	PPL
1790434	Xiangzhou	Xiangzhou	61748	36.1644400	119.4188900	PPL
2036055	Lishu	Lishu	61584	43.3072700	124.3337100	PPLA3
2038665	Oroqen Zizhiqi	Oroqen Zizhiqi	61582	50.5666700	123.7166700	PPLA3
1806248	Jianguang	Jianguang	61469	28.1937700	115.7836000	PPL
2037611	Dongning	Dongning	61440	44.0843600	131.1184100	PPLA3
1805563	Tianchang	Tianchang	61292	37.9980600	114.0155600	PPL
2033866	Xifeng	Xifeng	61087	42.7372200	124.7222200	PPL
1813451	Datong	Datong	61085	32.6208200	117.0631900	PPL
1800006	Nanhu	Nanhu	61034	35.4877800	119.3458300	PPL
1786759	Yicheng	Yicheng	61027	31.7047200	112.2561100	PPLA3
1787144	Yanliang	Yanliang	60891	34.6591800	109.2292100	PPLA3
2037494	Erdaojiang	Erdaojiang	60831	41.7763900	126.0319400	PPL
1788206	Xixiang	Xixiang	60745	35.1627800	112.8650000	PPL
1786910	Yaowan	Yaowan	60668	34.1833300	118.0666700	PPLA4
2035707	Mujiayingzi	Mujiayingzi	60627	42.1166700	118.7833300	PPL
1816924	Langzhong	Langzhong	60542	31.5503700	105.9938100	PPLA3
12324508	Taitou	Taitou	60354	37.0273300	118.6339200	PPLA4
1791161	Wujing	Wujing	60260	36.4500000	118.4000000	PPL
1801455	Zhijiang	Zhijiang	60169	30.4213900	111.7533300	PPL
12324486	Gucheng	Gucheng	60149	36.9534700	118.7624600	PPLA4
1793089	Taozhuang	Taozhuang	60137	34.8500000	117.3333300	PPL
1783920	Zhujiajiao	Zhujiajiao	60000	31.1075700	121.0569600	PPLA4
7931312	Maqin County	Maqin County	59900	34.4744200	100.2449600	PPLA2
1817543	Baimajing	Baimajing	59585	19.7119500	109.2180100	PPLA4
1791428	Wenshang	Wenshang	59455	35.7275000	116.4961100	PPL
12324248	Huiqu	Huiqu	59323	36.2713600	119.0490300	PPLA4
1808106	Hongjiang	Hongjiang	59199	27.1100000	109.9955600	PPL
1549691	Tashan	Tashan	59162	34.3361100	117.5666700	PPL
1808181	Hezuo	Hezuo	59148	34.9855600	102.9094400	PPLA3
1809003	Haizhou	Haizhou	59098	34.5816700	119.1288900	PPL
1802640	Longgu	Longgu	59086	34.9033300	116.8066700	PPL
1786720	Yigou	Yigou	59073	35.8113900	114.3166700	PPL
1789945	Xiaoweizhai	Xiaoweizhai	58913	26.1902800	107.5125000	PPL
1793774	Suozhen	Suozhen	58766	36.9538900	118.1047200	PPL
1795029	Shiqiaozi	Shiqiaozi	58538	36.1616700	119.2630600	PPL
1811114	Fenyi	Fenyi	58478	27.8111700	114.6680500	PPLA3
2033739	Xinglongshan	Xinglongshan	58432	43.9561100	125.4661100	PPL
1795470	Shibuzi	Shibuzi	58333	36.1238900	119.1027800	PPL
1802811	Lixian	Lixian	58300	34.1900000	105.1725000	PPLA3
1798082	Hongqiao	Hongqiao	58287	26.7683700	112.1081400	PPLA3
1812168	Dongxi	Dongxi	58169	28.7613900	106.6611100	PPLA4
1808981	Hancheng	Hancheng	58049	35.4602800	110.4291700	PPL
1930074	Santangpu	Santangpu	58000	27.4055600	111.9869400	PPL
12324233	Jing'an	Jing'an	57825	34.4962100	116.9224900	PPLA4
1801243	Maocun	Maocun	57649	34.3766700	117.2505600	PPL
1807308	Huangpi	Huangpi	57554	30.8845300	114.3778900	PPLA3
2033449	Yantongshan	Yantongshan	57515	43.2919400	126.0094400	PPL
1809483	Guiren	Guiren	57446	33.6697200	118.1888900	PPL
1784253	Zhongxing	Zhongxing	57338	33.7038900	118.6791700	PPL
12324512	Yingli	Yingli	57091	37.0650000	118.8102900	PPLA4
2038529	Baishishan	Baishishan	56992	43.5833300	127.5666700	PPL
1549804	Zhuzhai	Zhuzhai	56908	34.7611100	116.8138900	PPL
1805515	Jinji	Jinji	56816	23.2280600	110.8261100	PPL
1816028	Weining	Weining	56744	26.8500000	104.2333300	PPL
1786867	Yashan	Yashan	56629	22.1975000	109.9419400	PPL
1815667	Changleng	Changleng	56429	28.7000000	115.8166700	PPL
12358569	Sanchuan	Sanchuan	56345	26.7504100	100.6589400	PPLA4
1794126	Sitou	Sitou	56289	36.3127500	118.4118500	PPL
1810553	Gaogou	Gaogou	56214	34.0175000	119.1886100	PPLA4
2037913	Linghai	Linghai	56176	41.1652800	121.3666700	PPL
1549660	Xuzhuang	Xuzhuang	56099	34.2961400	117.4579800	PPL
1797575	Qinnan	Qinnan	55975	33.2530600	119.9133300	PPL
1921372	Dalianwan	Dalianwan	55841	39.0286100	121.6950000	PPL
12358614	Zhuyi	Zhuyi	55627	31.0254300	109.3856200	PPLA4
1803365	Linqiong	Linqiong	55587	30.4158700	103.4608900	PPLS
1549362	Lanshan	Lanshan	55442	33.9361100	117.7250000	PPL
1818051	Anjiang	Anjiang	55421	27.3194400	110.1030600	PPL
1818165	Ahu	Ahu	55298	34.3766400	118.6030800	PPL
12277994	Liguo	Liguo	54960	34.5528700	117.3329600	PPLA4
2036734	Huangnihe	Huangnihe	54959	43.5583300	128.0238900	PPL
2035836	Manzhouli	Manzhouli	54808	49.6000000	117.4333300	PPL
1549696	Liuji	Liuji	54785	34.3583300	117.0527800	PPL
1803940	Liangzhai	Liangzhai	54742	34.5000000	116.7500000	PPL
2036106	Liaozhong	Liaozhong	54691	41.5061100	122.7241700	PPL
1792052	Wangji	Wangji	54578	33.9833300	117.7500000	PPL
1811583	Fangcun	Fangcun	54035	34.0863900	117.4736100	PPLA4
12358567	Yongjian	Yongjian	53970	25.4254300	100.2124400	PPLA4
1789699	Xiazhuang	Xiazhuang	53954	25.4000000	100.8333300	PPL
1803549	Lingcheng	Lingcheng	53841	33.8163900	118.1136100	PPL
12324261	Buzhuang	Buzhuang	53474	36.9121800	119.5566000	PPLA4
1795026	Shiquan	Shiquan	53422	33.0408300	108.2363900	PPLA3
1787297	Yangtun	Yangtun	53417	34.8833300	116.8833300	PPL
12358568	Yousuo	Yousuo	53233	26.0252700	100.0677100	PPLA4
1549810	Zhaozhuang	Zhaozhuang	53193	34.7388900	116.4555600	PPL
1549622	Tangzhang	Tangzhang	52985	34.1477900	117.2539500	PPL
12324550	Lingwu	Lingwu	52863	38.1019100	106.3401700	PPLA4
1793102	Taoyuan	Taoyuan	52861	33.8527800	117.7702800	PPL
1816560	Beisu	Beisu	52752	38.1547900	114.8068900	PPLA4
1549428	Malingshan	Malingshan	52711	34.2035100	118.3565000	PPL
12324487	Hualong	Hualong	52660	36.9458900	118.5886400	PPLA4
1798462	Puji	Puji	52563	36.1319400	119.7211100	PPLA4
12277245	Dapeng	Dapeng	52219	34.2843600	117.0752200	PPLA4
1796506	Sanzhuang	Sanzhuang	52214	35.5033300	119.1716700	PPL
12324507	Jitai	Jitai	52144	36.7572400	118.7386600	PPLA4
1549693	Zizhuang	Zizhuang	52063	34.3615200	117.4881600	PPL
1549360	Liangji	Liangji	52048	33.9638900	117.9694400	PPL
12279163	Dashahe	Dashahe	51916	34.5384700	116.6245300	PPLA4
1791638	Weimiao	Weimiao	51820	34.5833300	117.0666700	PPL
1797505	Qishan	Qishan	51750	34.6333300	116.8000000	PPL
1279501	Zepu	Zepu	51691	38.1886700	77.2707500	PPLA3
1802949	Liuquan	Liuquan	51657	34.4341700	117.2983300	PPL
1279471	Zhefang	Zhefang	51477	24.2666700	98.2833300	PPLA4
1549538	Gangshang	Gangshang	51114	34.5214700	118.1183500	PPL
1898013	Guanshan	Guanshan	51086	33.7983300	117.8663900	PPL
1809646	Guanzhuang	Guanzhuang	50826	36.2633300	119.1938900	PPL
1795993	Shanji	Shanji	50617	34.2047200	117.5955600	PPL
13527051	Lhünzhub	Lhuenzhub	50596	29.8931000	91.2616600	PPLA2
1799362	Hanyuan	Hanyuan	50440	32.8340000	106.2503500	PPLA3
1818086	Naxi	Naxi	50020	28.7742200	105.3648800	PPLA3
1815758	Changdian	Changdian	49772	34.7758600	116.5833900	PPL
1549747	Xinglou	Xinglou	49653	34.5666700	117.8277800	PPL
12324439	Mihe	Mihe	49545	36.6209600	118.5287200	PPLA4
1914952	Dongcheng	Dongcheng	49252	19.7086800	109.4561000	PPLA4
1805501	Jinjiang	Jinjiang	49245	28.4005100	116.8998300	PPLA4
12277995	Jiawang Zhen	Jiawang Zhen	49005	34.4220200	117.4676400	PPL
1809250	Gupi	Gupi	48748	34.1138900	117.8827800	PPL
12277244	Xinhe	Xinhe	48712	34.1861300	117.9877500	PPLA4
12324552	Ningdong	Ningdong	48587	38.1614300	106.5850200	PPL
1810473	Gaoliu	Gaoliu	48485	34.3166700	118.5166700	PPL
1802901	Liutuan	Liutuan	48469	36.9333300	119.3833300	PPL
1549500	Chenlou	Chenlou	48327	34.3888900	118.0500000	PPL
1549365	Qing’an	Qing'an	48234	33.9694400	117.8805600	PPL
1798290	Qianliu	Qianliu	48090	22.9000000	100.2000000	PPL
1791663	Weiji	Weiji	48069	34.0333300	117.9500000	PPL
1792105	Wangfen	Wangfen	48052	36.5500000	118.3833300	PPL
1794348	Shunhe	Shunhe	47330	34.8418400	116.5572200	PPL
10378130	Gongqingcheng	Gongqingcheng	47284	29.2491500	115.8095300	PPL
1549771	Hekou	Hekou	47281	34.5777800	116.8138900	PPL
1549635	Hanwang	Hanwang	47205	34.1944400	117.0833300	PPL
1549795	Sunlou	Sunlou	46941	34.6666700	116.5833300	PPL
1914252	Nanpeng	Nanpeng	46786	29.3347200	106.6522200	PPLA4
1796385	Shaji	Shaji	46696	33.9000000	118.1333300	PPL
12358475	Sankeshu	Sankeshu	46402	26.5637000	108.0658500	PPLA4
1816412	Biantang	Biantang	46260	34.4232500	117.6454100	PPL
1815345	Chefushan	Chefushan	45844	34.4752500	117.7511900	PPL
1794725	Shuanggou	Shuanggou	45697	34.0352800	117.5780600	PPL
1281157	Gudong	Gudong	45528	25.3416500	98.4829700	PPL
1798763	Pingli	Pingli	45493	32.3847200	109.3455600	PPLA3
1549554	Zouzhuang	Zouzhuang	45461	34.6000000	118.0500000	PPL
1813868	Dangjiang	Dangjiang	45408	21.6500000	109.1166700	PPL
12358514	Nongzhang	Nongzhang	45270	24.6160100	97.8821800	PPLA4
1787292	Yanguan	Yanguan	44954	34.2638900	105.4638900	PPLA4
1280023	Shangyun	Shangyun	44918	23.0519100	99.8283800	PPL
1814272	Dahuangshan	Dahuangshan	44771	34.2934100	117.3443600	PPL
1549510	Hegou	Hegou	44747	34.4083300	118.1222200	PPL
1805117	Jiushan	Jiushan	44420	36.1961100	118.4650000	PPL
12277243	Xindian	Xindian	44409	34.1428100	118.3353100	PPLA4
1797766	Qingshanquan	Qingshanquan	44314	34.4163900	117.3630600	PPL
1816535	Beiwangli	Beiwangli	44112	38.6208300	115.3963900	PPL
1810279	Gaozuo	Gaozuo	43419	33.9030600	118.0397200	PPL
1784527	Zhigou	Zhigou	43152	35.9166700	119.2166700	PPL
1807452	Huangji	Huangji	43038	34.4333300	116.9833300	PPL
1784697	Zhengji	Zhengji	43021	34.4372200	117.0388900	PPL
1806282	Jiangping	Jiangping	42985	21.6000000	108.1500000	PPL
1817762	Baichihe	Baichihe	42913	36.1155600	119.5333300	PPL
1792301	Tushan	Tushan	42853	34.2208300	117.8369400	PPL
2036266	E’erguna	E'erguna	42435	50.2236200	120.1709200	PPLA3
1549741	Daizhuang	Daizhuang	42410	34.5138900	117.8527800	PPL
1280186	Qushi	Qushi	42380	25.2166700	98.6000000	PPL
7517321	Mali	Mali	42260	34.6646300	104.6978100	PPL
12324553	Wangyuan	Wangyuan	42022	38.3840800	106.2720000	PPLA4
1786620	Yinggen	Yinggen	41835	19.0383300	109.8400000	PPLA3
1897997	Wuduan	Wuduan	41803	34.5744400	117.0952800	PPL
1795320	Shiji	Shiji	41652	34.2000000	118.4833300	PPL
1800217	Naliang	Naliang	41577	21.6666700	107.8666700	PPL
1814882	Chongxing	Chongxing	41212	38.0333300	106.3000000	PPL
1817932	Anyuan	Anyuan	40828	34.8808300	105.2763900	PPL
1801885	Luolong	Luolong	40612	28.8055700	104.8990600	PPL
1794254	Sihu	Sihu	40430	34.6262500	117.9713900	PPL
1914932	Mutang	Mutang	40373	19.8075500	109.3453900	PPLA4
1794948	Shiwan	Shiwan	40330	21.7500000	109.2000000	PPL
12358542	Mingguang	Mingguang	40221	25.4931400	98.5415300	PPLA4
1810725	Gangtou	Gangtou	39999	34.3174300	118.2071900	PPL
12358570	Chenghai	Chenghai	39766	26.4617200	100.6786200	PPLA4
1803698	Liji	Liji	39691	33.7666700	117.7833300	PPL
1806788	Huixian Chengguanzhen	Huixian Chengguanzhen	39643	33.7683300	106.0808300	PPLA3
6958004	Xilinji	Xilinji	39310	52.9906300	123.2352200	PPLA3
12358540	Mangbang	Mangbang	39273	24.9319000	98.6701000	PPLA4
13308643	Lequn	Lequn	39271	22.5776400	113.8738500	PPLX
12324249	Jinzhongzi	Jinzhongzi	39054	36.3345700	119.2580700	PPLA4
7373600	Shili	Shili	38961	33.9518200	105.2924700	PPLA4
1817137	Balu	Balu	38894	34.1886800	117.9126500	PPL
8561889	Anxiang	Anxiang	38345	38.3833900	114.5404600	PPLA4
1788561	Xinxing	Xinxing	38200	36.0491700	119.5413900	PPL
1785345	Zhancheng	Zhancheng	38164	34.1750100	117.7629100	PPL
12324438	Miaozi	Miaozi	38147	36.6386000	118.2313800	PPLA4
1802441	Longshan	Longshan	37976	35.0319400	106.0805600	PPLA4
1907975	Jinshan	Jinshan	37727	34.8113900	105.4344400	PPLA4
1279575	Yingpan	Yingpan	37406	26.4500000	99.1500000	PPL
1808861	Hanyuan	Hanyuan	37284	34.0108300	105.2919400	PPLA3
1791707	Wayao	Wayao	37080	34.3833300	118.2333300	PPLA4
7517266	Tange	Tange	37074	34.6276400	104.8406200	PPLA4
1816316	Biyang	Biyang	36905	29.9288500	117.9463800	PPLA3
1797962	Qina	Qina	36823	26.3093800	100.6251300	PPL
1808820	Haomen	Haomen	36515	37.3757500	101.6219900	PPLA3
12358511	Zhutang	Zhutang	35766	22.7152000	99.8071500	PPLA4
1795411	Shidui	Shidui	35367	36.3933300	119.3086100	PPL
1801098	Mapo	Mapo	35358	34.5166700	117.0666700	PPL
12450867	Puqiakeqi	Puqiakeqi	35142	37.3173900	79.7053200	PPLA4
1549754	Heqiao	Heqiao	35118	34.4527800	116.9000000	PPL
1786408	Yizhuang	Yizhuang	34968	34.1565100	117.5936700	PPL
1809034	Haitou	Haitou	34648	19.5056300	108.9505400	PPLA4
7348380	Wuying	Wuying	34509	35.0148500	105.8988000	PPL
7348465	Lianhua	Lianhua	34447	35.0616000	105.7910800	PPLA4
1784750	Zhelou	Zhelou	34250	24.9666700	105.8166700	PPLA3
12324245	Liushan	Liushan	33992	36.4497200	118.7601600	PPLA4
12324259	Wushan	Wushan	33881	36.2472500	118.8383200	PPLA4
1816904	Baocheng	Baocheng	33138	18.6402800	109.6994400	PPLA3
13308740	Shawei	Shawei	32980	22.5199600	114.0337800	PPLA4
12358564	Wuhe	Wuhe	32858	24.8590600	98.6678300	PPLA4
1809338	Guofu	Guofu	32831	28.8500000	106.6013900	PPLA4
1808783	Heba	Heba	32538	33.9362400	105.2162500	PPLA4
1808829	Haojiaqiao	Haojiaqiao	32507	38.0166700	106.2833300	PPL
1795880	Shaodian	Shaodian	32448	34.1333300	118.4333300	PPLA4
1281369	Dagzê	Dagze	32318	29.6732900	91.3453100	PPL
1797106	Rongjiang	Rongjiang	32291	26.5500000	101.2500000	PPLA4
1549750	Huzhai	Huzhai	32231	34.6694400	117.0083300	PPL
1907959	Anfu	Anfu	32146	34.9727800	105.6302800	PPLA4
12358571	Shunzhou	Shunzhou	32074	26.6212000	100.5542600	PPLA4
1549734	Jiangzhuang	Jiangzhuang	31991	34.4916700	117.3972200	PPL
1907961	Baliwan	Baliwan	31856	34.8475700	105.3704300	PPLA4
12324247	Dasheng	Dasheng	31797	36.3200000	118.8554100	PPLA4
1793142	Taolin	Taolin	31795	35.8000600	119.5339500	PPL
1885400	Zhonghe	Zhonghe	31646	19.7427600	109.3449200	PPLA4
12277242	Shuangtang	Shuangtang	30958	34.3652900	118.4747200	PPLA4
1796449	Shagang	Shagang	30710	21.6666700	109.0333300	PPL
1815856	Chahe	Chahe	30094	34.5333300	117.8833300	PPL
12358515	Taiping	Taiping	30032	24.6611600	97.8526200	PPLA4
12358445	Xihu	Xihu	29978	35.4493400	119.2360700	PPLA4
7373480	Luoyu	Luoyu	29955	33.8410300	105.2311700	PPLA4
1805576	Jingui	Jingui	29796	38.5000000	106.4166700	PPL
1794227	Dachang Shandao	Dachang Shandao	29717	39.2755600	122.6000000	PPLA4
12358510	Nuozhadu	Nuozhadu	29703	22.5781700	100.2692500	PPLA4
1907994	Shiqiao	Shiqiao	29050	34.1538900	105.1297200	PPL
1792818	Tiaoshi	Tiaoshi	28825	29.2772200	106.6425000	PPLA4
12358444	Heshan	Heshan	28784	35.5233600	119.5100900	PPLA4
1280124	Ruidian	Ruidian	28612	25.5317100	98.4085500	PPL
12324260	Zheshan	Zheshan	28333	36.1487700	118.9513500	PPLA4
7516804	Hadapu Zhen	Hadapu Zhen	28292	34.2313200	104.2230100	PPLA4
1927558	Leifeng	Leifeng	28014	28.2000000	112.8461100	PPL
1549651	Yitang	Yitang	28002	34.2583300	117.8888900	PPL
12277237	Yinqiao Zhen	Yinqiao Zhen	28002	25.7542900	100.1234600	PPLA4
1804687	Kuangshi	Kuangshi	27836	38.0725000	114.0461100	PPL
1914915	Guangcun	Guangcun	27803	19.6418600	109.3545000	PPL
12324555	Lijun	Lijun	27723	38.1858300	106.1200000	PPLA4
1907965	Dashi	Dashi	27474	34.8975000	105.1863900	PPLA4
1907977	Kuanchuan	Kuanchuan	27438	34.1663900	105.5411100	PPL
12358541	Mazhan	Mazhan	27373	25.2113700	98.4840300	PPLA4
7373656	Jiangxi	Jiangxi	27098	33.9993400	105.1999400	PPLA4
12358543	Puchuan	Puchuan	27049	24.7031000	98.5700700	PPLA4
1783626	Zuitai	Zuitai	27027	33.3308300	105.6046700	PPLA3
7348537	Weidian	Weidian	26896	35.1024300	105.5656000	PPLA4
1794461	Shuikou	Shuikou	26827	25.9127800	109.3136100	PPL
1814430	Dafengdong	Dafengdong	26460	26.7119400	107.8113900	PPL
7517497	Yuanyang	Yuanyang	26352	34.7876800	104.7753100	PPLA4
12324285	Longchi	Longchi	25923	36.9452900	119.3253200	PPLA4
7372475	Luotang	Luotang	25871	33.0677500	105.2648500	PPLA4
1787019	Yanzibu	Yanzibu	25714	34.5056100	117.7022200	PPL
1789787	Xiasi	Xiasi	25490	26.5166700	107.7833300	PPL
1799714	Nantou	Nantou	25294	22.5355700	113.9156400	PPLA4
12489793	Fuhuan	Fuhuan	25164	28.8337900	106.7553500	PPLA4
1815494	Changxin	Changxin	25095	38.6747200	106.3297200	PPL
1801740	Lushan	Lushan	25074	26.6500000	107.7833300	PPL
1802686	Longcheng	Longcheng	25055	35.0009600	105.9733900	PPLA4
1929434	Bojia	Bojia	25000	26.4672200	111.9680600	PPL
1797213	Renhe	Renhe	24903	26.4166700	101.0166700	PPLA4
12358539	Hehua	Hehua	24814	24.9702400	98.3936800	PPLA4
1795587	Chentuan	Chentuan	24706	35.5047200	119.2669400	PPL
12324554	Minning	Minning	24696	38.2487000	105.9706800	PPLA4
1798886	Pianjiao	Pianjiao	24575	26.0166700	100.5833300	PPLA4
7373724	Xiyu	Xiyu	24452	34.0516300	105.3036000	PPL
1791867	Wangwu	Wangwu	24274	19.6562300	109.2907100	PPLA4
7517450	Shandan	Shandan	24235	34.7510600	104.8313400	PPL
12324549	Ligang	Ligang	24165	38.6464300	106.4304300	PPLA4
12358508	Nanling	Nanling	24059	22.7112100	99.9956300	PPLA4
12358477	Xingdaohu	Xingdaohu	24048	21.7147900	109.1320700	PPLA4
1810672	Gantang	Gantang	24000	26.7155600	109.7688900	PPL
1908009	Xingfeng	Xingfeng	23922	34.8611100	105.8375000	PPLA4
7373672	Luhe	Luhe	23852	34.0091800	105.3402100	PPLA4
1914825	Lanyang	Lanyang	23711	19.4614100	109.6604000	PPLA4
12358572	Jiuhe	Jiuhe	23680	26.7626900	99.9918500	PPLA4
1800089	Nanfeng	Nanfeng	23669	19.4101800	109.5502400	PPLA4
1810822	Fujia	Fujia	23660	33.8188900	105.9536100	PPLA4
2033685	Xinlin	Xinlin	23533	51.6666700	124.4000000	PPL
1791925	Wangpu	Wangpu	23414	35.0571200	105.4358500	PPLA4
12324286	Xiaying	Xiaying	23395	37.0424800	119.4765400	PPLA4
13308662	Guanlong	Guanlong	23100	22.5877700	113.9439800	PPLA4
1783557	Lintan Chengguanzhen	Lintan Chengguanzhen	23035	34.6888500	103.3524200	PPLA3
1804618	Labuleng	Labuleng	22970	35.2012500	102.5211700	PPLA3
12358538	Beihai	Beihai	22668	25.0800500	98.5774600	PPLA4
7352509	Shibao	Shibao	22621	34.1078600	105.3158500	PPLA4
1799084	Panghai	Panghai	22306	26.7269400	108.0636100	PPL
1908001	Wangyin	Wangyin	22131	34.8338900	105.7616700	PPLA4
1784452	Zhongchao	Zhongchao	22129	26.1375000	109.2200000	PPL
1529279	Chapchal	Chapchal	22111	43.8355500	81.1475800	PPLA3
1786232	Yongxing	Yongxing	22079	34.2077800	105.3288900	PPL
7373299	Paosha	Paosha	21907	33.7235300	105.6757200	PPLA4
12358504	Fubang	Fubang	21828	22.9041800	99.8028600	PPLA4
1797172	Renxian	Renxian	21499	30.6609200	107.6789500	PPLA4
12358473	Shangchong	Shangchong	21425	26.2531800	108.6578500	PPLA4
1907979	Liuping	Liuping	21406	34.8913900	105.7191700	PPLA4
1280921	Judian	Judian	21368	27.3061200	99.6491000	PPL
1807916	Hongzhou	Hongzhou	21293	26.1258300	109.4088900	PPL
12277236	Haidong Zhen	Haidong Zhen	21274	25.7097900	100.2606100	PPLA4
12358573	Xinyingpan	Xinyingpan	21008	27.1675700	100.9200500	PPLA4
1280006	Shigu	Shigu	21006	26.8685200	99.9562800	PPL
1786291	Yongning	Yongning	20852	27.8333300	100.6666700	PPL
12277238	Wanqiao Zhen	Wanqiao Zhen	20784	25.7892400	100.1227900	PPLA4
1914965	Heqing	Heqing	20729	19.5283100	109.6327900	PPLA4
1791493	Wenheng	Wenheng	20542	25.6674200	116.7542900	PPLA4
1789181	Xincheng	Xincheng	20535	34.6743100	103.5868000	PPLA4
1790938	Wutongshu	Wutongshu	20506	38.1833300	106.2833300	PPL
1907960	Baijiawan	Baijiawan	20486	34.6958300	105.2888900	PPL
1529574	Burqin	Burqin	20205	47.7028300	86.8637500	PPLA3
12358574	Shilongba	Shilongba	20074	26.5792700	101.3632500	PPLA4
12358575	Hongqiao	Hongqiao	20060	27.4297700	100.7970100	PPLA4
2034325	Tuqiang	Tuqiang	20056	52.9000000	122.7666700	PPL
1908010	Xinglong	Xinglong	19803	34.0382100	105.3442200	PPLA4
1529504	Fuyun	Fuyun	19772	46.9919000	89.5211500	PPL
7516812	Lichuan Zhen	Lichuan Zhen	19701	34.2484500	104.3194700	PPLA4
1792232	Waina	Waina	19394	33.2063900	105.0497200	PPLA4
1806300	Jiangluo	Jiangluo	19204	33.9013900	105.8219400	PPLA4
1907996	Suhe	Suhe	18901	34.0625000	105.2221000	PPLA4
1802695	Longchang	Longchang	18563	26.6666700	107.9166700	PPL
12358509	Nuofu	Nuofu	18529	22.2200100	99.6995700	PPLA4
1907990	Qianhu	Qianhu	18501	34.8047200	105.5777800	PPLA4
13308755	Wushipai	Wushipai	18400	22.5238300	113.9096900	PPLA4
1905431	Kaitang	Kaitang	18394	26.7202800	108.1297200	PPL
8649747	Lingquan	Lingquan	18336	49.4052000	117.6770000	PPL
7373739	Shaoyu	Shaoyu	18327	34.0640800	105.3651000	PPL
1906074	Jiuchao	Jiuchao	18314	26.0908300	108.7652800	PPL
1908016	Yongping	Yongping	18279	34.2899400	105.2722500	PPL
7517492	Gaolou	Gaolou	18170	34.7608400	104.6766800	PPLA4
1905846	Bibo	Bibo	18121	26.5308300	107.6313900	PPL
1790296	Xiaochuan	Xiaochuan	18098	33.6806000	105.5615600	PPLA4
1908000	Wangyao	Wangyao	17925	34.8850000	105.5416700	PPLA4
1804996	Liulin	Liulin	17731	34.5897200	103.5041700	PPLA3
1799117	Paipu	Paipu	17577	19.6398100	109.1586100	PPLA4
1811737	Eman	Eman	17317	19.8572300	109.2627100	PPLA4
12358505	Huimin	Huimin	17303	22.2613800	100.0829000	PPLA4
12324548	Siwei	Siwei	17200	38.0165700	114.1532800	PPLA4
1791762	Wanshui	Wanshui	17141	26.7352800	107.9872200	PPL
13308593	Shajing Residential District	Shajing Residential District	17093	22.7317700	113.8118500	PPLX
1802665	Long’e	Long'e	16928	25.8072200	109.2125000	PPLA4
2037927	Dalain Hob	Dalain Hob	16927	41.9652800	101.0638900	PPLA3
13308731	Shenzhenwan	Shenzhenwan	16921	22.4870700	113.9396200	PPLA5
1784089	Zhouxi	Zhouxi	16859	26.4833300	107.9166700	PPL
13308748	Zhuzilin	Zhuzilin	16800	22.5381100	114.0150400	PPLA4
1811746	Ehen Hudag	Ehen Hudag	16798	39.2107400	101.6689800	PPLA3
1794686	Shuangjiang	Shuangjiang	16773	25.9666700	108.9241700	PPL
1802802	Lixin	Lixin	16753	34.9122200	105.0805600	PPLA4
1906095	Zhaoxing	Zhaoxing	16737	25.9108300	109.1763900	PPL
7373329	Xigaoshan	Xigaoshan	16550	33.7347500	105.3881700	PPLA4
1914256	Ersheng	Ersheng	16461	29.4658300	106.7708300	PPLA4
2037485	Erenhot	Erenhot	16427	43.6475000	111.9766700	PPLA3
12358565	Xinhua	Xinhua	16336	24.7525200	98.4829600	PPLA4
12358632	Jifeng	Jifeng	16273	33.6552600	105.6578600	PPLA4
1816369	Bikou	Bikou	16247	32.7458300	105.2413900	PPLA4
12358507	Mujia	Mujia	16180	22.9910000	99.6345300	PPLA4
1907966	Dazhuang	Dazhuang	16156	34.9588900	105.3361100	PPLA4
7342980	Dianga	Dianga	15993	34.0636300	103.2135800	PPLA3
1813591	Dashan	Dashan	15980	23.0023800	100.1148900	PPL
1791214	Wujia	Wujia	15549	21.7666700	109.0333300	PPL
12358503	Fazhanhe	Fazhanhe	15483	22.3342400	100.1731000	PPLA4
7372977	Yulong	Yulong	15397	33.5100300	105.1812000	PPLA4
12358502	Donghui	Donghui	15380	22.4405200	99.8001000	PPLA4
12358544	Qingshui	Qingshui	14986	24.9387200	98.4597400	PPLA4
12358682	Qishan	Qishan	14945	34.2332300	105.3951200	PPLA4
7373359	Diancun	Diancun	14852	33.7710500	105.8180900	PPLA4
7373429	Yinxingshu	Yinxingshu	14806	33.8049700	106.0379300	PPLA4
12358501	Donghe	Donghe	14771	22.9241500	100.0687500	PPLA4
12358478	Shatian	Shatian	14686	21.5194100	109.6556700	PPLA4
1908005	Wujiahe	Wujiahe	14679	34.6716700	105.2438900	PPLA4
1279802	Wendong	Wendong	14517	23.1666700	99.9000000	PPL
13308725	Qianhai Bay Area	Qianhai Bay Area	14239	22.5361200	113.8874400	PPL
7517670	Yupan	Yupan	14227	34.9165100	104.9155800	PPL
1279668	Xuelin	Xuelin	14158	23.0226800	99.5580000	PPL
7372585	Pipa	Pipa	14053	33.1663500	105.3134400	PPLA4
7517082	Yan’anxiang	Yan'anxiang	13871	34.4600100	104.9167300	PPLA4
12110888	Xiannüshan	Xiannueshan	13808	29.4218700	107.7612200	PPLA4
12358506	Jiujing	Jiujing	13716	22.4468100	99.9752100	PPLA4
1786368	Yongcong	Yongcong	13670	26.0422200	109.1313900	PPL
7373727	Mayuan	Mayuan	13336	34.0539700	105.5227800	PPLA4
1799206	Niyang	Niyang	13284	33.8194400	105.8213900	PPLA4
12358500	Ankang	Ankang	13236	23.1825400	99.7436800	PPLA4
8561612	Beizheng	Beizheng	13189	38.0604700	114.0784900	PPLA4
1801329	Malu	Malu	13117	21.6500000	107.9500000	PPL
7407743	Shuiyang	Shuiyang	13029	33.7484400	106.1027800	PPLA4
1279524	Zangguy	Zangguy	13027	37.2833300	78.7666700	PPL
7348484	Liangshan	Liangshan	12894	35.0731900	105.9740000	PPLA4
7353644	Sancang	Sancang	12833	33.0137800	105.1150700	PPLA4
13308603	Shuangjinhui	Shuangjinhui	12822	22.6855200	113.7933100	PPL
7372986	Douping	Douping	12772	33.5165000	105.4646200	PPLA4
1812719	Diping	Diping	12692	25.7616700	109.2427800	PPL
7372793	Guohe	Guohe	12585	33.3511300	105.1487100	PPLA4
12358633	Lichuan	Lichuan	12554	33.7726700	105.9464200	PPLA4
1913179	Gushu	Gushu	12495	22.5939800	113.8391100	PPL
7372875	Changba	Changba	12488	33.4284300	105.4345800	PPLA4
12358479	Quzhang	Quzhang	12441	21.8500300	109.5669800	PPLA4
13308665	Fangda Town	Fangda Town	12300	22.5557500	113.9727600	PPLA4
7372888	Foya	Foya	12155	33.4378000	105.2733300	PPLA4
1801226	Maogong	Maogong	12109	26.1461100	108.8608300	PPL
1792188	Wanchao	Wanchao	12067	26.6000000	107.8500000	PPL
13308598	Wanfeng	Wanfeng	12024	22.7229500	113.8263800	PPL
1808135	Honghe	Honghe	11942	34.4097200	105.3900000	PPL
1796824	Sanhe	Sanhe	11916	33.2992700	105.1669200	PPLA4
1529245	Qongkur	Qongkur	11850	48.1222200	87.1125000	PPL
7373302	Zhifang	Zhifang	11799	33.7259800	105.4835800	PPLA4
8562010	Beitanzhuang	Beitanzhuang	11755	38.5132000	114.2877500	PPLA4
13308743	Shatou Residential	Shatou Residential	11738	22.5283400	114.0430400	PPL
1914171	Yangba	Yangba	11583	33.0102700	105.7664300	PPLA4
1905963	Luoli	Luoli	11521	26.3458300	108.9388900	PPL
12450872	Yingye'er	Yingye'er	11485	37.3731200	79.7774500	PPLA4
1804081	Liangdang Chengguanzhen	Liangdang Chengguanzhen	11477	33.9097200	106.3022200	PPLA3
1529630	Aykol	Aykol	11260	40.9575900	80.1357400	PPL
1906110	Deshun	Deshun	11166	26.1822200	109.3202800	PPL
1907978	Leiwang	Leiwang	11143	34.0508400	105.1441800	PPLA4
7351475	Ha’ergai Dadui	Ha'ergai Dadui	11128	37.2515000	100.4213300	PPL
1907968	Gucheng	Gucheng	11096	34.4811100	105.1652800	PPL
1794923	Shixia	Shixia	11072	33.7834000	105.3876900	PPLA4
1817891	Aoshi	Aoshi	11032	26.4016700	109.0711100	PPL
13308624	Futian	Futian	11020	22.5219200	114.0561700	PPLX
1800965	Mawu	Mawu	11015	34.4263900	104.9147200	PPL
1785683	Yuntai	Yuntai	10962	33.4463400	105.6656100	PPLA4
13308713	Sanwei	Sanwei	10912	22.6130000	113.8453400	PPLX
1914152	Fengxiang	Fengxiang	10665	32.9019400	105.3113000	PPLA4
7373083	Huangchen	Huangchen	10635	33.5831200	105.6015900	PPLA4
1800680	Mengyan	Mengyan	10572	26.3166700	108.8833300	PPL
13308682	Botuofeinuochunshuian	Botuofeinuochunshuian	10529	22.5460600	113.9738500	PPL
1787719	Yandong	Yandong	10506	26.0986100	108.9663900	PPL
1907984	Mahe	Mahe	10497	34.3361100	105.3972200	PPL
1808163	Hongchuan	Hongchuan	10405	33.7505600	105.8908300	PPLA4
13308678	Hongfa Centre	Hongfa Centre	10326	22.5549600	113.8886500	PPL
12358683	Qiushan	Qiushan	10310	34.3552100	104.8975900	PPLA4
1787804	Yacheng	Yacheng	10267	34.3227800	105.1352800	PPL
7373312	Shaba	Shaba	10107	33.7311500	105.5641200	PPLA4
13308663	Chaguangcun	Chaguangcun	10092	22.5664300	113.9516100	PPLX
13308644	Yuye shequ	Yuye shequ	10086	22.5660600	113.8688800	PPLX
1786811	Yeliguan	Yeliguan	10066	34.9644000	103.6604900	PPLA4
1787443	Yangliujie	Yangliujie	10057	26.3666700	107.5000000	PPL
7343298	Changchuan	Changchuan	10037	34.7154300	103.4297000	PPLA4
1786288	Yongning	Yongning	9999	33.8395600	106.1886500	PPLA4
7407706	Jialing	Jialing	9957	33.6992700	106.1962900	PPLA4
1803448	Lingwu Nongchang	Lingwu Nongchang	9949	38.1333300	106.3000000	PPLF
13308752	Yanhanshan	Yanhanshan	9808	22.5368500	113.9824900	PPL
1814202	Dajia	Dajia	9791	26.3666700	108.8500000	PPL
13308754	Yuehai Residential	Yuehai Residential	9732	22.5138800	113.9291700	PPL
12358684	Awu	Awu	9677	34.2865400	104.1489300	PPLA4
1798745	Pingluo	Pingluo	9658	33.5488000	105.4103300	PPLA4
13308634	Guangming	Guangming	9612	22.5617100	113.9046300	PPLX
7372929	Dabao	Dabao	9601	33.4706000	105.5765400	PPLA4
1816810	Bazhai	Bazhai	9599	26.2102800	108.9452800	PPL
1813649	Daqiao	Daqiao	9593	33.7463100	105.2786600	PPLA4
7373363	Chenyuan	Chenyuan	9571	33.7642700	105.6760100	PPLA4
1795058	Shiqian	Shiqian	9571	27.5225000	108.2280600	PPL
7407799	Liulin	Liulin	9540	33.8743700	106.1696000	PPLA4
7373371	Haolin	Haolin	9531	33.7679100	105.2134500	PPLA4
7372877	Dananyu	Dananyu	9520	33.4311200	105.7584300	PPLA4
7372743	Nianba	Nianba	9431	33.3063700	105.4693600	PPLA4
7343131	Mu’er	Mu'er	9430	34.5661200	103.5854500	PPLA4
1907982	Luoba	Luoba	9374	34.3227800	105.0647200	PPL
13308737	Nanyuan Residential	Nanyuan Residential	9372	22.5405200	114.0952600	PPL
7372894	Ganquan	Ganquan	9372	33.4417800	105.1597800	PPLA4
1794920	Shijiang	Shijiang	9330	27.0819400	110.7933300	PPL
13308733	Nanyou, Shenzhen	Nanyou, Shenzhen	9327	22.5003600	113.9231400	PPLA5
13308746	Shahe Residential	Shahe Residential	9302	22.5354400	113.9800400	PPL
13308671	Gaoxin	Gaoxin	9216	22.5476100	113.9405800	PPLA5
12358472	Leidong	Leidong	9188	25.9139600	109.3404200	PPLA4
7373617	Huangzhu	Huangzhu	9186	33.9675500	105.6826600	PPLA4
13308656	Gold tai	Gold tai	9172	22.5783900	113.8961500	PPLX
13308679	Jiajinlong	Jiajinlong	9126	22.5473100	113.9061800	PPLA4
7373178	Suochi	Suochi	9113	33.6458600	105.5136300	PPLA4
13308608	Aojingchong	Aojingchong	9067	22.6834700	113.7873300	PPL
7343287	Lexiu	Lexiu	9057	34.7413600	103.0901800	PPLA4
13308673	Anle Garden	Anle Garden	9000	22.5818200	113.8990500	PPL
13308631	Gao Fa Cheng Chi Yuan	Gao Fa Cheng Chi Yuan	8953	22.5231900	114.0576100	PPLX
7372766	Huangping	Huangping	8930	33.3215500	105.3322000	PPLA4
13308716	Caowei	Caowei	8915	22.6226300	113.8402000	PPL
7446328	Liushun	Liushun	8876	34.6492000	103.5413900	PPLA4
13308667	Yuehai	Yuehai	8743	22.5481000	113.9470500	PPLA5
1537890	Sishilichengzi	Sishilichengzi	8722	41.9619400	86.4766700	PPL
1818012	Anmenkou	Anmenkou	8677	33.2778300	105.6269000	PPLA4
1907971	Gupo	Gupo	8661	34.6250000	105.2786100	PPLA4
12324551	Baitugang	Baitugang	8640	37.8293400	106.3404800	PPLF
13308647	Kaiping	Kaiping	8612	22.5720000	113.8857800	PPLA5
7373487	Wangmo	Wangmo	8503	33.8507400	105.6764100	PPLA4
1800945	Mayanhe	Mayanhe	8497	34.0725000	105.7369400	PPLA4
7372727	Yuhuang	Yuhuang	8468	33.2922700	105.2246700	PPLA4
13308626	Gangsha	Gangsha	8461	22.5358200	114.0664500	PPLA4
1786293	Yongning	Yongning	8460	24.6800000	118.6900000	PPL
1806627	Huotong	Huotong	8450	26.8497200	119.4180600	PPL
7373101	Longxing	Longxing	8410	33.5986400	105.1929000	PPLA4
1899335	Dahedian	Dahedian	8403	33.6533300	106.0497200	PPLA4
13308758	Lei Yue Mun	Lei Yue Mun	8372	22.5187200	113.8970800	PPL
12359303	Yanjia	Yanjia	8325	34.9230700	106.3738300	PPLA4
1790807	Xiabaishi	Xiabaishi	8320	26.8152800	119.6791700	PPL
13308749	Dalingxia	Dalingxia	8320	22.5433700	114.0042800	PPLA4
13308668	Keji yuan	Keji yuan	8249	22.5410200	113.9481800	PPL
13308723	Baishipai	Baishipai	8217	22.5327200	113.9072200	PPLX
1798614	Pingzhai	Pingzhai	8165	26.4166700	108.8166700	PPL
13308649	Anle	Anle	8120	22.5600300	113.8996200	PPLX
7343419	Zangbawa	Zangbawa	8063	34.8772500	103.8617000	PPLA4
13308655	Lingzhi Town	Lingzhi Town	8026	22.5655000	113.9033500	PPLX
7516842	Pangjia	Pangjia	7956	34.2872900	104.2808700	PPL
13308627	Futian Residential District	Futian Residential District	7923	22.5248400	114.0645900	PPLX
7432952	Yangyong	Yangyong	7849	34.6459000	103.4719800	PPLA4
1799922	Nanliang Nongchang	Nanliang Nongchang	7810	38.6666700	106.2000000	PPLF
8561617	Bailuquan	Bailuquan	7779	38.0709900	114.2694000	PPLA4
7343316	Shencang	Shencang	7770	34.7346500	103.3803500	PPLA4
1798078	Qidu	Qidu	7770	26.7652800	119.5472200	PPL
7372786	Wangba	Wangba	7752	33.3431300	105.6945800	PPL
1906076	Koujiang	Koujiang	7477	26.0433300	108.8625000	PPL
13308750	Beizhoushan	Beizhoushan	7403	22.5262900	113.9761800	PPL
1810705	Ganjia	Ganjia	7334	35.4012400	102.5164000	PPLA4
13308736	Liuxiangdong	Liuxiangdong	7329	22.5851900	113.9298000	PPL
7373227	Suyuan	Suyuan	7295	33.6734800	105.4527400	PPLA4
13308646	Hedong	Hedong	7291	22.5744400	113.8831400	PPLX
7446277	Nalang	Nalang	7275	34.5154000	103.7005200	PPLA4
1796883	Sangke	Sangke	7236	35.1119000	102.4274700	PPLA4
13308664	Xinwucun	Xinwucun	7231	22.5700100	113.9672000	PPLA4
1811224	Fengtai	Fengtai	7230	39.5580600	117.7491700	PPL
13308642	Southeast Gate	Southeast Gate	7215	22.5853200	113.8834200	PPLX
13308720	Niuwan	Niuwan	7210	22.5805000	113.8539900	PPL
7343319	Shimen	Shimen	7156	34.7360200	103.7014800	PPLA4
13308657	Fuhua	Fuhua	7127	22.5878300	113.8912400	PPLA5
7516858	Bali	Bali	7101	34.3061300	104.3691500	PPLA4
13308681	Ouzhou chengshi	Ouzhou chengshi	7100	22.5559100	113.9648900	PPL
13512504	Xihai Town	Xihai Town	7100	36.9546200	100.8995100	PPLA2
1817090	Bangjun	Bangjun	7052	39.9911100	117.2627800	PPL
1805482	Jinjing	Jinjing	6990	24.5750000	118.5972200	PPL
1538374	Kipekyüzi	Kipekyuezi	6972	43.9497300	81.3895100	PPLA4
13308704	Jiazhou	Jiazhou	6923	22.5712100	113.8954000	PPL
13308622	Chentian	Chentian	6918	22.5934500	113.8734800	PPLX
7343288	Azitan	Azitan	6881	34.7086200	103.3128100	PPL
7446417	Nawu	Nawu	6853	34.9540300	102.9133700	PPLA4
7446186	Wangzang	Wangzang	6851	33.9507200	103.5999500	PPLA4
1905932	Dehua	Dehua	6834	26.4700000	108.7400000	PPL
1795909	Shanyang	Shanyang	6810	26.6701900	119.2050900	PPLA4
13308635	Shangzi	Shangzi	6782	22.5811000	113.9083800	PPLX
1791079	Wuma	Wuma	6743	33.0635000	105.4425300	PPLA4
13308744	Fubao	Fubao	6683	22.5191700	114.0481800	PPLX
1785066	Zhangwan	Zhangwan	6590	26.7113900	119.5919400	PPL
1281048	Heshun	Heshun	6560	25.0166700	98.4666700	PPL
12358587	Peishi	Peishi	6460	31.0071500	110.0954300	PPLA4
1899321	Zhagulu	Zhagulu	6369	34.6533300	103.1850000	PPL
13308747	Zhuyuan	Zhuyuan	6328	22.5381100	114.0150400	PPL
1796379	Shajiang	Shajiang	6310	26.7825000	119.9669400	PPL
13308741	Dongchong	Dongchong	6302	22.5235600	114.0298900	PPLX
13308669	Zhongshan	Zhongshan	6291	22.5466300	113.9177400	PPL
2035521	Pangu	Pangu	6257	52.7166700	123.8166700	PPL
13308732	Shekou Residential	Shekou Residential	6218	22.4883400	113.9272100	PPLX
13308680	Zhongxing	Zhongxing	6214	22.5767400	113.9386100	PPL
1791813	Wangguan	Wangguan	6100	33.4591700	105.3616700	PPLA4
1810410	Gaoqiao	Gaoqiao	6061	34.0952500	105.9488300	PPLA4
1787339	Yangsha	Yangsha	6042	34.8315500	103.6681600	PPLA4
13308722	Happy Harbour	Happy Harbour	6032	22.5470200	113.8872700	PPL
13308719	Taoyuan Ju	Taoyuan Ju	6029	22.6189200	113.8602400	PPL
13308602	Qiaotou Community	Qiaotou Community	6018	22.6865900	113.8052000	PPL
13308706	Pingzhou	Pingzhou	6012	22.5661000	113.8465900	PPL
7373609	Yushu	Yushu	6012	33.9597800	106.0057100	PPLA4
7343467	Zuogaimanma	Zuogaimanma	5879	34.9974400	103.0486400	PPLA4
1899344	Baiyang	Baiyang	5847	33.1728800	105.7818400	PPLA4
7372558	Sanheba	Sanheba	5841	33.1418800	105.6829800	PPLA4
13308638	Taohuayuan	Taohuayuan	5814	22.6106200	113.8823900	PPLX
1814123	Dakoutun	Dakoutun	5814	39.5833300	117.2288900	PPL
7372945	Sitai	Sitai	5798	33.4864100	105.6100000	PPLA4
7516821	Mu’er	Mu'er	5713	34.2570200	104.3424500	PPL
13308628	Jiushixia	Jiushixia	5712	22.5178700	114.0547900	PPLX
1812025	Douba	Douba	5694	33.2571100	105.4681200	PPLA4
7516767	Shangping	Shangping	5667	34.1755900	104.8615500	PPL
7413703	Madang	Madang	5662	35.3244200	102.7854000	PPLA4
7373419	Liuxiang	Liuxiang	5655	33.7993700	105.4444700	PPLA4
7407683	Yuguan	Yuguan	5645	33.6353900	106.1671600	PPLA4
13308666	Wuwu	Wuwu	5623	22.5452900	113.9565900	PPL
1806180	Jianjiang	Jianjiang	5540	26.5497200	119.7550000	PPL
7407813	Jindong	Jindong	5470	33.9060400	106.3087000	PPLA4
7373270	Taishihe	Taishihe	5442	33.7057800	105.1812200	PPLA4
1802526	Longmen	Longmen	5370	24.9597200	118.0888900	PPL
7343345	Taoyan	Taoyan	5329	34.7704400	103.7902300	PPLA4
7373106	Songping	Songping	5277	33.6025100	105.9105400	PPLA4
1810800	Gahai	Gahai	5257	34.2591400	102.3681000	PPLA4
7343069	Niba	Niba	5251	34.4577400	103.0845800	PPLA4
1815022	Chiba	Chiba	5230	33.6465700	104.7822400	PPLA4
1941833	Houyu	Houyu	5180	26.0595800	119.5350200	PPLA4
7373023	Miba	Miba	5175	33.5427200	105.7819000	PPLA4
13308710	Nanchang, Shenzhen	Nanchang, Shenzhen	5132	22.5976300	113.8416000	PPLX
7373136	Longba	Longba	5111	33.6247600	105.2944700	PPLA4
13308639	Chentian Village	Chentian Village	5101	22.5914300	113.8781100	PPLX
7446447	Bajiao	Bajiao	5095	35.0282500	103.6969300	PPLA4
13308715	Baochuang Estate	Baochuang Estate	5089	22.6052600	113.8246000	PPLX
1899334	Xipo	Xipo	5075	33.8477200	106.4303900	PPLA4
13308751	Shahe Jiangong	Shahe Jiangong	5073	22.5502100	113.9920700	PPL
1790707	Xiahu	Xiahu	5070	26.6105600	119.9483300	PPL
13308599	Heyi	Heyi	5061	22.7142300	113.7852800	PPL
13308650	Bao'an yuan qu	Bao'an yuan qu	5055	22.5622400	113.9131500	PPLX
1804525	Langmusi	Langmusi	5054	34.0877800	102.6280600	PPLA4
1789659	Xibing	Xibing	5050	26.9813900	119.7247200	PPL
13308707	Yu'hu Bay	Yu'hu Bay	5008	22.5740100	113.8542200	PPL
13308629	Huanggang	Huanggang	5003	22.5179800	114.0581500	PPL
13308641	Gongle Gongye	Gongle Gongye	5000	22.5847500	113.8718300	PPLX
13308676	Samsung Renjia	Samsung Renjia	5000	22.5705800	113.8831900	PPL
13308753	Hailianting	Hailianting	5000	22.5341600	114.0006700	PPL
13308756	Mangrove Bay	Mangrove Bay	5000	22.5278300	113.9644000	PPL
13308596	Sports Square	Sports Square	5000	22.7242100	113.8311000	PPL
13308597	Huayu Estate	Huayu Estate	5000	22.7191900	113.8261900	PPLX
13308600	Weisi Science & Technology Garden	Weisi Science & Technology Garden	5000	22.6847200	113.7823000	PPL
13308612	College Park	College Park	5000	22.6530300	113.8384800	PPLX
1811682	Erlang	Erlang	4977	33.8394600	105.5883100	PPLA4
1786630	Yingdu	Yingdu	4960	24.9716700	118.2441700	PPL
7373013	Chanhe	Chanhe	4918	33.5366700	105.6566600	PPLA4
7446266	Daogao	Daogao	4813	34.5026700	103.1242200	PPLA4
1795727	Shazikou	Shazikou	4750	36.1150000	120.5372200	PPL
7343192	Dianzi	Dianzi	4722	34.6313200	103.6648200	PPLA4
7343011	Yiwa	Yiwa	4719	34.1374400	103.1689400	PPLA4
7343277	Guzhan	Guzhan	4717	34.6946100	103.2966000	PPLA4
1941718	Goutou	Goutou	4702	39.8050000	117.1991700	PPL
2034270	Walagan	Walagan	4695	52.5833300	124.5666700	PPL
7372556	Yuezhao	Yuezhao	4663	33.1405900	105.1610800	PPLA4
7372407	Yuhe	Yuhe	4539	32.9990700	105.4861400	PPLA4
1817829	Badu	Badu	4370	26.8102800	119.5641700	PPL
7373653	Shaijing	Shaijing	4361	33.9934500	105.5428000	PPLA4
1785786	Yulei	Yulei	4360	32.8405600	105.0080600	PPL
7372657	Dianzi	Dianzi	4334	33.2204100	105.5012700	PPLA4
1814697	Cuihuangkou	Cuihuangkou	4334	39.5258300	117.1805600	PPL
13308674	Buxin	Buxin	4319	22.5858100	113.8946100	PPLA5
1796836	Sangzi	Sangzi	4315	39.9055600	117.1572200	PPL
1808772	Hebeitun	Hebeitun	4248	39.5747200	117.1133300	PPL
7372534	Lianghe	Lianghe	4240	33.1216800	105.9194700	PPLA4
1921211	Yinglin	Yinglin	4150	24.6322200	118.5805600	PPL
1792603	Tongqian	Tongqian	4082	33.0691700	105.7638900	PPLA4
13308601	Fuyongzhen	Fuyongzhen	4028	22.6681300	113.8139200	PPLX
13308724	Hongshulin	Hongshulin	4022	22.5303800	113.9005800	PPLX
13308717	Shangwei Yuanxin	Shangwei Yuanxin	4012	22.6033500	113.8543800	PPL
1800886	Meichang	Meichang	4009	39.3661100	117.1805600	PPL
1813668	Daqiao	Daqiao	4000	26.6150000	118.9063900	PPLA4
1793380	Tangkou	Tangkou	4000	26.9541700	119.0127800	PPL
1550222	Xujiaba	Xujiaba	3989	27.8847200	108.1136100	PPL
1807137	Huangyangtan	Huangyangtan	3984	38.2500000	105.9833300	PPL
1785341	Zhan’erxiang	Zhan'erxiang	3947	33.7798600	106.3003400	PPLA4
7446480	Zuogaiduoma	Zuogaiduoma	3940	35.0558700	103.1259900	PPLA4
1791341	Laocheng	Laocheng	3922	37.1427800	115.8883300	PPL
13308670	Xintian	Xintian	3917	22.5576300	113.9397400	PPL
13308645	Yuyecun	Yuyecun	3822	22.5681000	113.8658500	PPLX
1814946	Chixi	Chixi	3810	26.9111100	119.4830600	PPL
1791785	Wanmao	Wanmao	3804	34.8000000	103.2000000	PPLA4
1921200	Wubao	Wubao	3800	24.5958900	118.5535900	PPL
1805531	Jinhe	Jinhe	3790	27.7169400	109.6047200	PPL
7536143	Saga	Saga	3765	29.3236700	85.2260100	PPL
1794459	Shuikou	Shuikou	3760	26.3836000	118.7302700	PPLA4
1785372	Zhaishi Miaozu Dongzuxiang	Zhaishi Miaozu Dongzuxiang	3750	26.5008300	110.0444400	PPL
1787624	Yangezhuang	Yangezhuang	3722	39.9963900	117.6902800	PPL
1787554	Yangdian	Yangdian	3695	33.9333200	106.4265600	PPLA4
1799379	Ninghe	Ninghe	3683	39.4619400	117.7625000	PPL
1789271	Xinan	Xinan	3670	26.7200000	119.8555600	PPL
1787230	Yangzhong	Yangzhong	3640	26.7055600	119.3744400	PPL
1813965	Damai	Damai	3633	35.2000700	102.6641400	PPLA4
1794343	Shunhua	Shunhua	3589	26.0860000	109.2589200	PPL
1811268	Fengpu	Fengpu	3560	26.6827600	118.7600600	PPLA4
1794511	Shuiche	Shuiche	3550	27.6869400	110.9997200	PPL
1790795	Xiacang	Xiacang	3546	39.7863900	117.4166700	PPL
1801684	Luxia	Luxia	3540	26.9300000	118.8072200	PPL
7342963	Sangba	Sangba	3525	34.0390700	103.7904400	PPLA4
1803346	Lintingkou	Lintingkou	3521	39.6302800	117.5002800	PPL
1811082	Fubao	Fubao	3500	28.7690500	106.0766700	PPL
7373126	Taishi	Taishi	3479	33.6165700	105.4516300	PPLA4
1808268	Hetang	Hetang	3430	26.6627600	119.1106200	PPLA4
7446307	Chubu	Chubu	3377	34.6180800	103.2918500	PPLA4
1799805	Nanrenfu	Nanrenfu	3365	39.6461100	117.1916700	PPL
1815875	Chadian	Chadian	3355	39.2247200	117.7488900	PPL
1798382	Qiagai	Qiagai	3353	34.8449600	103.4591300	PPLA4
7407766	Xianlong	Xianlong	3313	33.8142000	106.2447600	PPLA4
1798176	Qiaojiang	Qiaojiang	3290	27.9372200	110.6763900	PPL
1799086	Panggezhuang	Panggezhuang	3217	39.8047200	117.1661100	PPL
13308709	Shabian	Shabian	3208	22.5961800	113.8450300	PPL
1787073	Yantian	Yantian	3190	26.8533300	119.8575000	PPL
1817129	Bamencheng	Bamencheng	3167	39.5777800	117.6052800	PPL
1801669	Luyang	Luyang	3150	27.6238900	110.0988900	PPL
1815589	Changqiao	Changqiao	3150	26.8213900	118.8436100	PPL
1795969	Shanmen	Shanmen	3130	27.2250000	110.6927800	PPL
1811446	Feiluan	Feiluan	3120	26.5625000	119.5975000	PPL
1798095	Qibu	Qibu	3110	26.5075000	119.5450000	PPL
1789329	Xiling	Xiling	3110	26.8144400	119.0472200	PPL
13308757	Jiaoju	Jiaoju	3085	22.5101800	113.8995800	PPLX
1807102	Huangzhuang	Huangzhuang	3076	39.4816700	117.5136100	PPL
13308605	Haoye	Haoye	3070	22.7353800	113.8051000	PPLX
1788156	Xiyan	Xiyan	3060	26.6163900	110.4736100	PPL
13308738	Huaqingbei	Huaqingbei	3021	22.5470600	114.0873400	PPL
1810286	Gaozhuang	Gaozhuang	3011	39.2691700	117.9755600	PPL
1797219	Renfengzhuang	Renfengzhuang	3006	39.3113900	117.6622200	PPL
13308640	Bengshan Gongye	Bengshan Gongye	3002	22.5883200	113.8701100	PPLX
1941816	Kuai’an	Kuai'an	3000	26.0341700	119.4163900	PPL
1790685	Kajiaman	Kajiaman	2986	35.0885100	102.9139300	PPLA4
1802835	Liuzikou	Liuzikou	2986	39.8702800	117.3466700	PPL
13308661	West Gate	West Gate	2981	22.5727800	113.9054400	PPLX
1790357	Xianxi	Xianxi	2910	26.3347200	109.6430600	PPL
1807104	Huangzhuang	Huangzhuang	2908	39.3147200	117.0533300	PPL
1787521	Yangjiapo	Yangjiapo	2899	39.2941700	117.8875000	PPL
1797676	Qinglang	Qinglang	2895	27.1247200	108.7327800	PPL
1817446	Baisha	Baisha	2880	26.5222200	110.9311100	PPL
7413715	Qu’ao	Qu'ao	2868	35.3939700	102.9242200	PPLA4
1789132	Xindian	Xindian	2860	26.1223800	119.3015300	PPLA4
1783856	Zhuoyang	Zhuoyang	2830	26.6300300	119.0215000	PPLA4
1941861	Huangtian	Huangtian	2820	26.4385100	118.6239800	PPLA4
13308652	Shangecun	Shangecun	2816	22.5784900	113.9042200	PPLX
1801174	Maoping	Maoping	2800	26.5197200	110.4119400	PPL
1802409	Longtan	Longtan	2800	27.4113900	110.5363900	PPL
1814896	Chongru	Chongru	2800	26.9511100	119.9252800	PPL
1802364	Longtou’an	Longtou'an	2790	27.6702800	110.3361100	PPL
7413614	Tangga’an	Tangga'an	2774	35.1431600	102.8502700	PPLA4
1810670	Gantang	Gantang	2770	26.9200000	119.6333300	PPL
1810671	Gantang	Gantang	2770	26.7983300	118.9361100	PPL
1813009	Dengjiapu	Dengjiapu	2750	26.9044400	110.9200000	PPL
13308742	Cunzai	Cunzai	2721	22.5255800	114.0250800	PPL
1811559	Fangjiazhuang	Fangjiazhuang	2679	39.7297200	117.4205600	PPL
1792163	Wangbuzhuang	Wangbuzhuang	2659	39.6775000	117.4286100	PPL
1803050	Liujiaping	Liujiaping	2650	32.8000000	104.8333300	PPLA4
1785625	Yushan	Yushan	2640	26.9086300	118.5671300	PPL
1796958	Sanchakou	Sanchakou	2636	39.7844400	117.3186100	PPL
1798183	Qiaogu	Qiaogu	2635	39.3125000	117.7247200	PPL
1792171	Anping	Anping	2630	27.8663900	110.1161100	PPL
1807285	Huangqiao	Huangqiao	2600	27.0219400	110.8405600	PPL
1814596	Dabao’anzhen	Dabao'anzhen	2600	39.8994400	117.4763900	PPL
1790889	Wuyang	Wuyang	2590	26.7427800	110.3283300	PPL
1812594	Dong’erying	Dong'erying	2583	39.9575000	117.2791700	PPL
7304196	Dehang	Dehang	2567	28.3071000	109.7966800	PPL
1792562	Tongwan	Tongwan	2530	27.5811100	110.2772200	PPL
1787580	Yanghou	Yanghou	2530	26.6408300	118.5080600	PPL
1810447	Gaoniang	Gaoniang	2500	26.8425000	109.1788900	PPL
1784429	Zhongdeng	Zhongdeng	2485	39.5905600	117.3530600	PPL
1802545	Longlisuo	Longlisuo	2450	26.4141700	109.1022200	PPL
1784928	Zhaogezhuang	Zhaogezhuang	2442	39.7844400	117.1958300	PPL
7413597	Kajiadao	Kajiadao	2427	35.1171800	102.9935100	PPLA4
1815510	Changtun	Changtun	2415	39.4433300	117.0705600	PPL
1788482	Xinzhan	Xinzhan	2400	28.3883300	106.8566700	PPL
1899320	Sancha	Sancha	2393	34.5875000	103.7613900	PPLA4
1813567	Dashentang	Dashentang	2362	39.2172200	117.9525000	PPL
1800171	Nancaicun	Nancaicun	2357	39.4752800	117.0161100	PPL
1792334	Tuokou	Tuokou	2350	27.1247200	109.6247200	PPL
7446453	Kangduo	Kangduo	2348	35.0343100	103.5245100	PPLA4
1799895	Nanmaizhu	Nanmaizhu	2309	39.5025000	117.7447200	PPL
7446195	Kaba	Kaba	2302	33.9803500	103.4948400	PPLA4
13308721	Yuhexin	Yuhexin	2301	22.5650200	113.8789900	PPL
1813225	Dayanggezhuang	Dayanggezhuang	2300	39.8188900	117.4236100	PPL
1813479	Datangzhuang	Datangzhuang	2294	39.3994400	117.4341700	PPL
1814456	Dadunqiu	Dadunqiu	2279	39.4061100	117.0330600	PPL
1803387	Linkou	Linkou	2270	26.2480600	109.8636100	PPL
1813463	Datianzhuang	Datianzhuang	2254	39.2725000	117.7536100	PPL
1807058	Huaqiao	Huaqiao	2240	27.7080600	110.1419400	PPL
1817842	Badaogu	Badaogu	2226	39.4733300	117.3297200	PPL
7446191	Ni’ao	Ni'ao	2197	33.9608300	103.5505200	PPLA4
1784033	Zhuangtou	Zhuangtou	2194	39.6577800	117.2916700	PPL
1950548	Dengyuantai	Dengyuantai	2190	26.6880600	110.5422200	PPL
1801353	Malin	Malin	2150	26.4550000	110.6416700	PPL
1790620	Xiancun	Xiancun	2150	26.9386100	119.3602800	PPL
1814078	Daliang	Daliang	2140	39.5394400	117.0950000	PPL
1794591	Shuangshu	Shuangshu	2134	39.5638900	117.0244400	PPL
1801894	Luojiu	Luojiu	2130	27.5158300	109.8088900	PPL
1783964	Zhushi	Zhushi	2130	27.0877800	110.6769400	PPL
7407787	Xinghua	Xinghua	2110	33.8615100	106.3617600	PPLA4
1799312	Niudaokou	Niudaokou	2108	39.7861100	117.2522200	PPL
13308739	Huafu	Huafu	2102	22.5545700	114.0649100	PPL
1788760	Xinkaikou	Xinkaikou	2101	39.6788900	117.1902800	PPL
13308660	Liutang	Liutang	2100	22.5780100	113.8872200	PPLX
13308729	Songzhanzai	Songzhanzai	2100	22.4955000	113.9130200	PPLX
7343315	Zhuoluo	Zhuoluo	2100	34.7321200	103.3397400	PPLA4
6942880	Haikuotiankong	Haikuotiankong	2100	22.5288100	113.9399000	PPL
13308630	West Gate	West Gate	2038	22.5182500	114.0565200	PPLX
1806245	Jiangwakou	Jiangwakou	2018	39.5225000	117.7025000	PPL
13308606	Minzhucun	Minzhucun	2011	22.7267900	113.7821200	PPLX
13308595	Yabian	Yabian	2002	22.7419800	113.8121600	PPL
1807175	Huangtukuang	Huangtukuang	1990	26.9152800	110.4077800	PPL
1814691	Cuijiamatou	Cuijiamatou	1990	39.0747200	117.3005600	PPL
1817398	Baishi	Baishi	1965	26.9736100	109.4433300	PPL
1802793	Lixiqiao	Lixiqiao	1960	26.7947200	110.4180600	PPL
1798492	Pukou	Pukou	1950	26.5222200	109.5558300	PPL
13308728	Hudi	Hudi	1932	22.4818400	113.9099100	PPLX
1806653	Huomachong	Huomachong	1930	27.8833300	110.2300000	PPL
13308745	Xinzhou	Xinzhou	1923	22.5241000	114.0480400	PPLX
1807369	Huanglong	Huanglong	1920	26.5413900	110.9344400	PPL
1816246	Boyang	Boyang	1920	26.2116700	109.5205600	PPL
1787481	Yangjinzhuang	Yangjinzhuang	1915	39.8850000	117.3980600	PPL
1801454	Majiadian	Majiadian	1911	39.6577800	117.2661100	PPL
1807341	Huangmaoyuan	Huangmaoyuan	1910	27.4041700	110.4747200	PPL
1813085	Dazhongzhuang	Dazhongzhuang	1889	39.6808300	117.5641700	PPL
1807936	Hongyang	Hongyang	1850	26.5286100	119.4625000	PPL
1941563	Beizhai	Beizhai	1850	36.2197200	120.5288900	PPL
1806450	Jiamaying	Jiamaying	1836	37.2080600	115.9500000	PPL
7343453	Shaowa	Shaowa	1808	34.9782800	103.5620700	PPLA4
1807783	Houxiang	Houxiang	1800	39.5127800	117.1158300	PPL
1921288	Xiangyun	Xiangyun	1800	24.9711100	118.1602800	PPL
1816557	Beitan	Beitan	1786	39.7580600	117.4455600	PPL
1807150	Huangxikou	Huangxikou	1770	27.7188900	110.3850000	PPL
1552093	Sanchahe	Sanchahe	1770	28.4952800	106.4283300	PPL
1789759	Xiawuqi	Xiawuqi	1718	39.6136100	117.0533300	PPL
1804088	Liangcunchang	Liangcunchang	1671	28.4066700	106.4244400	PPL
1810428	Gaoqiao	Gaoqiao	1670	26.6336100	110.9000000	PPL
1804472	Lanli	Lanli	1660	27.8869400	109.9186100	PPL
1816150	Caijiapu	Caijiapu	1660	39.1730600	117.8105600	PPL
1810301	Gaozeng	Gaozeng	1650	25.8016700	108.9375000	PPL
1793221	Tanwan	Tanwan	1630	27.9663900	110.1502800	PPL
1791752	Wantouqiao	Wantouqiao	1620	26.8411100	110.6194400	PPL
1812058	Dongzhaogezhuang	Dongzhaogezhuang	1613	39.9488900	117.3700000	PPL
1798513	Puhechang	Puhechang	1600	28.9525000	106.8311100	PPL
1799279	Niujiapai	Niujiapai	1593	39.5222200	117.2894400	PPL
1787131	Yanmen	Yanmen	1590	27.8550000	109.7402800	PPL
1786928	Yaoshi	Yaoshi	1580	26.2930600	110.7891700	PPL
1792752	Tingdong	Tingdong	1577	25.8244400	108.6125000	PPL
1815202	Chengtougu	Chengtougu	1558	39.1400000	117.7788900	PPL
1901233	Xiliguantun	Xiliguantun	1552	37.0783300	115.9413900	PPL
1806978	Huayuan	Huayuan	1540	26.9136100	110.5358300	PPL
1800702	Mengquan	Mengquan	1533	39.8252800	117.4766700	PPL
1806267	Jiangshi	Jiangshi	1510	27.1233300	109.7377800	PPL
1817648	Baijian	Baijian	1510	39.9941700	117.2086100	PPL
1801617	Ma’an	Ma'an	1500	26.9775000	110.7211100	PPL
1790194	Xiaohenglong	Xiaohenglong	1500	27.6050000	110.5169400	PPL
1792484	Touying	Touying	1498	39.9638900	117.2183300	PPL
1806675	Huogezhuang	Huogezhuang	1474	39.7438900	117.3675000	PPL
1786182	Youguzhuang	Youguzhuang	1470	39.9058300	117.2461100	PPL
1794788	Shoushan	Shoushan	1470	26.9644400	119.1616700	PPL
1810808	Fuzhuang	Fuzhuang	1468	39.2661100	117.9344400	PPL
1817097	Bangdong	Bangdong	1460	26.9755600	109.1858300	PPL
1788352	Xishan	Xishan	1452	25.6852800	108.9638900	PPL
1806319	Jiangkouxu	Jiangkouxu	1450	27.6941700	109.7358300	PPL
1798407	Puzi	Puzi	1450	26.9863900	109.7763900	PPL
1793401	Tangjiafang	Tangjiafang	1450	26.8400000	110.3647200	PPL
12382279	Sansha	Sansha	1443	16.8391200	112.3406400	PPLA2
1785858	Yuguzhuang	Yuguzhuang	1442	39.6400000	117.3588900	PPL
1812229	Dongtazhuang	Dongtazhuang	1440	39.8938900	117.3372200	PPL
1813683	Dabaozi	Dabaozi	1440	26.6955600	109.4477800	PPL
1816442	Benchu	Benchu	1431	26.7711100	109.2905600	PPL
1816312	Biyong	Biyong	1430	27.1872200	109.5100000	PPL
1815888	Chabaihu	Chabaihu	1403	39.4655600	117.1483300	PPL
1812432	Dongjituo	Dongjituo	1400	39.4219400	117.5741700	PPL
1802729	Lizhuangzi	Lizhuangzi	1397	39.0041700	117.5255600	PPL
1812282	Dongshan Dongzuxiang	Dongshan Dongzuxiang	1390	26.5950000	109.8966700	PPL
1806390	Gangdong	Gangdong	1380	27.9169400	110.8341700	PPL
1786854	Yatunpu	Yatunpu	1370	26.1550000	109.6266700	PPL
1797971	Qimeng	Qimeng	1362	26.4847200	108.9994400	PPL
1808681	Heilangkou	Heilangkou	1357	39.6127800	117.4016700	PPL
1786927	Yaoshi	Yaoshi	1350	27.6394400	109.5302800	PPL
1798909	Penguanzhuang	Penguanzhuang	1329	39.4841700	117.8133300	PPL
1799876	Nanmuping	Nanmuping	1320	27.3111100	109.6786100	PPL
1796300	Shangcang	Shangcang	1312	39.8994400	117.3880600	PPL
1783762	Zhuzhoujiang Miaozuxiang	Zhuzhoujiang Miaozuxiang	1310	26.6752800	110.0719400	PPL
1814610	Dabaizhuang	Dabaizhuang	1295	39.4447200	117.3802800	PPL
1550143	Zhujiachang	Zhujiachang	1295	27.3575000	108.9383300	PPL
13308636	Qilong	Qilong	1294	22.6007200	113.8964700	PPLF
1804452	Lantian	Lantian	1292	27.0250000	109.2947200	PPL
1814217	Daixi	Daixi	1290	26.8125000	119.1141700	PPL
13308648	Zaoxia	Zaoxia	1289	22.5656600	113.8986400	PPLX
13308714	Sanweicun	Sanweicun	1287	22.6143300	113.8486400	PPL
1816635	Beilizigu	Beilizigu	1287	39.4913900	117.4650000	PPL
1786334	Yonghe	Yonghe	1286	39.0752800	117.4755600	PPL
1811634	Erwangzhuang	Erwangzhuang	1282	39.3916700	117.3538900	PPL
12359324	Axia	Axia	1277	33.8212200	103.7500900	PPLA4
13308604	Shayi Community	Shayi Community	1265	22.7372800	113.8046900	PPLX
1814273	Dahuangpu	Dahuangpu	1254	39.4411100	117.2777800	PPL
1794274	Sigaozhuang	Sigaozhuang	1246	39.4677800	117.2502800	PPL
1803944	Liangyaping	Liangyaping	1240	27.7183300	110.6708300	PPL
1816783	Beicaicun	Beicaicun	1237	39.4872200	117.0255600	PPL
1797023	Ruoshui	Ruoshui	1210	27.0019400	109.9666700	PPL
13308703	Zhongshang Garden	Zhongshang Garden	1203	22.5551000	113.9002000	PPL
1790696	Xiajiang	Xiajiang	1198	25.7555600	108.6919400	PPL
1784415	Zhongfang	Zhongfang	1180	26.6008300	119.4258300	PPL
1810500	Gaojingzhuang	Gaojingzhuang	1167	39.4161100	117.6300000	PPL
1792681	Tonggu	Tonggu	1158	26.5722200	109.3094400	PPL
1816235	Bozhou	Bozhou	1150	27.3788900	109.2777800	PPL
1787304	Yangtou	Yangtou	1145	27.6894400	109.4138900	PPL
1801172	Maoping	Maoping	1123	26.7369400	109.2211100	PPL
1810425	Gaoyi	Gaoyi	1110	26.9594400	110.0155600	PPL
1784209	Zhongzhai	Zhongzhai	1110	27.1952800	109.2686100	PPL
1790376	Xiantan	Xiantan	1100	28.8185900	106.1927000	PPL
1815377	Chatian	Chatian	1100	27.8022200	109.3736100	PPL
1814198	Dajianchang	Dajianchang	1098	39.4777800	117.0830600	PPL
13308651	Shanghua	Shanghua	1093	22.5807300	113.9039000	PPLX
1797870	Qingjiangqiao	Qingjiangqiao	1090	26.6044400	110.9852800	PPL
1815879	Chadian	Chadian	1089	27.5819400	109.1327800	PPL
1814621	Dabachang	Dabachang	1086	27.7425000	108.3433300	PPL
1794412	Shuidatian	Shuidatian	1080	27.8522200	109.6047200	PPL
1798784	Pingjiang	Pingjiang	1076	25.9705600	108.3952800	PPL
1790088	Xiaolongmen	Xiaolongmen	1070	27.8019400	110.1605600	PPL
1941818	Hongtang	Hongtang	1060	26.0705600	119.2308300	PPL
13308621	Labor Community	Labor Community	1058	22.5711800	113.8637700	PPLX
13308607	Sixingyong	Sixingyong	1042	22.6851100	113.7812100	PPLX
1794569	Shuangxi	Shuangxi	1040	27.2283300	109.8558300	PPL
13308730	Shenzhen Bay Park	Shenzhen Bay Park	1032	22.4994300	113.9517100	PPL
1790387	Xianrenwan	Xianrenwan	1030	27.7544400	110.3297200	PPL
13308654	Lingzhi (Northwest Gate)	Lingzhi (Northwest Gate)	1027	22.5676600	113.9068500	PPLX
13308610	Fozi'ao	Fozi'ao	1024	22.6492700	113.8321700	PPLF
13308677	Haihua Park (Southwest gate)	Haihua Park (Southwest gate)	1022	22.5637100	113.8874500	PPL
1817794	Bahuang	Bahuang	1021	27.7180600	109.0188900	PPL
1786517	Yinliu	Yinliu	1007	39.9825000	117.3963900	PPL
13308711	Jiefang	Jiefang	1003	22.6001800	113.8414000	PPLX
7158936	龙海天	long hai tian	1000	21.0167500	110.5374700	PRK
1803883	Lianshan	Lianshan	1000	26.8036100	109.7019400	PPL
1788247	Xiuxi	Xiuxi	1000	27.9775000	110.2947200	PPL
13308616	Shekou Wharf	Shekou Wharf	1000	22.4626000	113.8920200	PPLX
1795034	Shiqiao	Shiqiao	999	39.6908300	117.2961100	PPL
1814853	Chuandong	Chuandong	992	27.8058300	109.2213900	PPL
1802688	Longcheng	Longcheng	990	26.0338900	109.7772200	PPL
13308734	Niucheng	Niucheng	982	22.6151400	113.9285700	PPL
1795780	Shawan	Shawan	980	27.2008300	110.0280600	PPL
1804515	Langshan	Langshan	980	26.3808300	110.8144400	PPL
1809732	Guanxia Miaozuxiang	Guanxia Miaozuxiang	980	26.5722200	110.2763900	PPL
1810081	Gongxi	Gongxi	970	27.1130600	109.1616700	PPL
1784957	Zhaobenzhuang	Zhaobenzhuang	957	39.4638900	117.6325000	PPL
1806322	Jiangkou	Jiangkou	940	27.1908300	110.4041700	PPL
1817527	Baimaoping	Baimaoping	940	26.2619400	110.3638900	PPL
1808581	Hekou	Hekou	930	26.7425000	110.0638900	PPL
13308705	Dachan Bay	Dachan Bay	927	22.5408600	113.8590600	PPL
1795101	Shimianzhuang	Shimianzhuang	927	39.4091700	117.1580600	PPL
1906170	Yaolu	Yaolu	923	25.4513900	108.0563900	PPL
1811863	Duli	Duli	918	39.3166700	117.6888900	PPL
1787386	Yangping	Yangping	910	27.1508300	108.7980600	PPL
1800421	Mobin Tongzumiaozuxiang	Mobin Tongzumiaozuxiang	910	27.0669400	109.5544400	PPL
1811807	Duping	Duping	900	27.2863900	108.4275000	PPL
1550116	Yongxi	Yongxi	900	27.0119400	108.3313900	PPL
13308712	Yinfeng	Yinfeng	891	22.6030500	113.8356700	PPL
1811831	Dunzhai	Dunzhai	890	26.5022200	109.2666700	PPL
1809888	Guangping	Guangping	890	26.7872200	109.6233300	PPL
1791756	Wantang	Wantang	880	26.5408300	110.7563900	PPL
1799002	Panyang	Panyang	880	26.5495000	118.8313000	PPLA4
1815805	Chang’anying	Chang'anying	880	26.2641700	110.0894400	PPL
1800479	Minhe	Minhe	861	27.5391700	108.7747200	PPL
1784315	Longhu	Longhu	850	24.6727800	118.6194400	PPL
1906202	Maolan	Maolan	848	25.3897200	108.0758300	PPL
1807418	Huangjin Yaozuxiang	Huangjin Yaozuxiang	840	26.4197200	110.5550000	PPL
1807417	Huangjin’ao	Huangjin'ao	830	27.6533300	109.9491700	PPL
1799118	Pailou’ao	Pailou'ao	830	27.3405600	109.9183300	PPL
1803989	Liangsan	Liangsan	820	27.0916700	108.9613900	PPL
1792775	Tiepo	Tiepo	800	27.4591700	110.3783300	PPL
13308735	Tang'ao	Tang'ao	793	22.6001700	113.9332900	PPLX
1813270	Daxinzhuang	Daxinzhuang	784	39.5036100	117.6861100	PPL
1811884	Shangjiang	Shangjiang	781	25.9430600	108.1080600	PPL
1805076	Jiuxijiang	Jiuxijiang	770	27.6555600	110.6136100	PPL
1790151	Xiaojiangkou	Xiaojiangkou	770	27.8802800	110.4466700	PPL
1800553	Miaozhuang	Miaozhuang	766	39.4222200	117.8041700	PPL
1813717	Daping	Daping	760	27.3405600	110.3038900	PPL
1806007	Jiaoxi	Jiaoxi	758	27.0872200	108.5544400	PPL
7536142	Darchen	Darchen	754	30.9312400	81.2893900	PPL
6252032	Bolinzi	Bolinzi	754	33.7643100	117.4826400	PPLL
1789235	Xin’anzhen	Xin'anzhen	737	39.7519400	117.5333300	PPL
1800548	Mibei	Mibei	730	27.2072200	109.3775000	PPL
1803839	Lianzhuang	Lianzhuang	728	39.4100000	117.7563900	PPL
1802727	Lizhuangzi	Lizhuangzi	704	39.9819400	117.3088900	PPL
1813823	Dankou	Dankou	690	26.3597200	110.2427800	PPL
1790045	Xiaoping	Xiaoping	690	27.3644400	109.7105600	PPL
1806663	Huokou	Huokou	670	26.4491700	119.2725000	PPL
1814309	Dahengshang	Dahengshang	670	39.8436100	117.4916700	PPL
1552021	Shatan	Shatan	660	28.1091700	106.2661100	PPL
1788019	Xuedong	Xuedong	654	27.0105600	108.8544400	PPL
1802726	Liziba	Liziba	650	28.1977800	106.7630600	PPL
1792609	Tongmuxi	Tongmuxi	640	27.8175000	110.6100000	PPL
1792551	Tongxihe	Tongxihe	630	27.7480600	110.5569400	PPL
1804260	Le’anpu Miaozudongzuxiang	Le'anpu Miaozudongzuxiang	620	26.4944400	109.9027800	PPL
1816881	Bapan	Bapan	610	27.7122200	108.9386100	PPL
1804017	Liangjiang	Liangjiang	610	27.9541700	110.8666700	PPL
1806392	Jiangdong	Jiangdong	586	26.9872200	109.4563900	PPL
1812813	Dingdan	Dingdan	584	25.8552800	108.2677800	PPL
1801823	Luotuofangzi	Luotuofangzi	580	39.0836100	117.3769400	PPL
1552068	Sanyuanchang	Sanyuanchang	552	28.3541700	106.1600000	PPL
1814488	Dadengzhuang	Dadengzhuang	550	39.4863900	117.6175000	PPL
1794326	Shuping	Shuping	550	27.1905600	110.1313900	PPL
1803078	Liujiading	Liujiading	540	39.9630600	117.1911100	PPL
1797684	Qingtuozi	Qingtuozi	538	39.1233300	117.7475000	PPL
1550094	Mulong	Mulong	519	27.7288900	109.0694400	PPL
13308617	Mawan	Mawan	502	22.4844500	113.8764400	PPLF
1804051	Lianghechang	Lianghechang	500	28.8861100	106.0530600	PPL
1791716	Wawu	Wawu	499	27.6555600	109.4094400	PPL
1794997	Shisunchang	Shisunchang	492	28.6341700	106.0297200	PPL
1788735	Xinluhe	Xinluhe	490	27.5055600	110.2888900	PPL
1788809	Xinjian	Xinjian	490	27.5186100	110.1758300	PPL
1793110	Taoying	Taoying	478	27.8369400	108.9816700	PPL
1812965	Dewang	Dewang	471	27.7886100	108.5575000	PPL
1816042	Caodian	Caodian	465	39.6119400	117.4716700	PPL
1785918	Yuelongzhuang	Yuelongzhuang	463	39.5683300	117.8541700	PPL
1552023	Pujiachang	Pujiachang	450	28.1852800	106.6677800	PPL
1784125	Zhouliangzhuang	Zhouliangzhuang	446	39.5619400	117.3738900	PPL
1789003	Xingjuexi	Xingjuexi	434	28.1444400	106.0211100	PPL
1799168	Nuxi	Nuxi	431	27.8683300	108.9111100	PPL
1813478	Datangzhuang	Datangzhuang	425	39.9866700	117.3430600	PPL
13308727	Nanshui Gonye Village	Nanshui Gonye Village	421	22.4921800	113.9130800	PPLX
1789206	Xinchang	Xinchang	420	27.8780600	109.4452800	PPL
1789208	Xinchang	Xinchang	420	26.4063900	109.4275000	PPL
1552019	Huoshigang	Huoshigang	415	28.0447200	106.4258300	PPL
1787276	Yangxi	Yangxi	407	27.6405600	108.4972200	PPL
1808270	Hetan	Hetan	400	27.2847200	109.2286100	PPL
1807078	Huanxizhuang	Huanxizhuang	399	39.5527800	117.5361100	PPL
1787436	Yangliushu	Yangliushu	390	27.6811100	108.4361100	PPL
1793323	Tangwan	Tangwan	370	27.2644400	110.4444400	PPL
1795697	Shendu Miaozuxiang	Shendu Miaozuxiang	320	27.1322200	110.0555600	PPL
1817020	Dongbanqiao	Dongbanqiao	311	39.4794400	117.7905600	PPL
13308619	Dachan Island Estate	Dachan Island Estate	300	22.5103400	113.8482400	PPLF
1804149	Leshi	Leshi	300	26.6336100	110.7336100	PPL
6697300	申老家	shen lao jia	300	33.1017500	115.4721500	PPL
1811773	Duwu	Duwu	290	26.1225900	119.2368600	PPL
1789756	Xiaxi	Xiaxi	289	27.5594400	109.3280600	PPL
1807223	Huangsangping Miaozuxiang	Huangsangping Miaozuxiang	280	26.4266700	110.0550000	PPL
1788305	Xitazhuang	Xitazhuang	269	39.9330600	117.2108300	PPL
1552061	Heba	Heba	256	28.2497200	106.3122200	PPL
1795062	Shibaosi	Shibaosi	248	28.5391700	106.1513900	PPL
1803977	Liangshuijing	Liangshuijing	206	27.9627800	108.3297200	PPL
13308675	Langyiya Court	Langyiya Court	200	22.5797600	113.8878100	PPL
1799431	Niba	Niba	200	28.7602800	106.5113900	PPL
1810659	Ganxi	Ganxi	198	27.0663900	108.2422200	PPL
1805219	Jiudianya	Jiudianya	190	28.5822200	106.8330600	PPL
1794646	Shuanglongchang	Shuanglongchang	147	28.3202800	106.5636100	PPL
7648251	Htunstar	Htunstar	123	22.8176400	108.3083700	PPLX
1550081	Gaolouping	Gaolouping	121	27.4847200	109.1719400	PPL
13308609	Caowei Airport East	Caowei Airport East	102	22.6202900	113.8264000	PPLX
13308618	Ximazhou	Ximazhou	93	22.4996100	113.8425900	PPLX
13308637	Laohukeng	Laohukeng	32	22.6148800	113.9090600	PPLF
13308615	Dongwanzui	Dongwanzui	5	22.4122500	113.8122800	PPLF
1280878	Kangxiwar	Kangxiwar	4	36.2077500	78.7746300	PPLQ
13308613	Dongwancun	Dongwancun	4	22.4201100	113.7997400	PPLF
13308614	Lijiao	Lijiao	2	22.4146100	113.7926100	PPLF
